,date,value,quality
0,2022-08-26 03:00:00,11.2,G
1,2022-08-26 04:00:00,11.0,G
2,2022-08-26 05:00:00,11.1,G
3,2022-08-26 06:00:00,12.2,G
4,2022-08-26 07:00:00,13.9,G
5,2022-08-26 08:00:00,15.9,G
6,2022-08-26 09:00:00,18.9,G
7,2022-08-26 10:00:00,20.3,G
8,2022-08-26 11:00:00,20.8,G
9,2022-08-26 12:00:00,20.8,G
10,2022-08-26 13:00:00,22.0,G
11,2022-08-26 14:00:00,22.8,G
12,2022-08-26 15:00:00,21.8,G
13,2022-08-26 16:00:00,22.1,G
14,2022-08-26 17:00:00,21.6,G
15,2022-08-26 18:00:00,20.8,G
16,2022-08-26 19:00:00,20.5,G
17,2022-08-26 20:00:00,20.4,G
18,2022-08-26 21:00:00,19.8,G
19,2022-08-26 22:00:00,18.2,G
20,2022-08-26 23:00:00,17.5,G
21,2022-08-27 00:00:00,16.8,G
22,2022-08-27 01:00:00,16.2,G
23,2022-08-27 02:00:00,16.6,G
24,2022-08-27 03:00:00,17.5,G
25,2022-08-27 04:00:00,17.8,G
26,2022-08-27 05:00:00,18.1,G
27,2022-08-27 06:00:00,18.3,G
28,2022-08-27 07:00:00,18.6,G
29,2022-08-27 08:00:00,18.9,G
30,2022-08-27 09:00:00,19.9,G
31,2022-08-27 10:00:00,21.6,G
32,2022-08-27 11:00:00,24.0,G
33,2022-08-27 12:00:00,26.0,G
34,2022-08-27 13:00:00,27.3,G
35,2022-08-27 14:00:00,27.5,G
36,2022-08-27 15:00:00,26.5,G
37,2022-08-27 16:00:00,25.9,G
38,2022-08-27 17:00:00,24.7,G
39,2022-08-27 18:00:00,22.5,G
40,2022-08-27 19:00:00,21.9,G
41,2022-08-27 20:00:00,20.4,G
42,2022-08-27 21:00:00,19.7,G
43,2022-08-27 22:00:00,19.0,G
44,2022-08-27 23:00:00,18.4,G
45,2022-08-28 00:00:00,18.7,G
46,2022-08-28 01:00:00,18.6,G
47,2022-08-28 02:00:00,18.2,G
48,2022-08-28 03:00:00,18.1,G
49,2022-08-28 04:00:00,18.1,G
50,2022-08-28 05:00:00,17.4,G
51,2022-08-28 06:00:00,17.8,G
52,2022-08-28 07:00:00,18.6,G
53,2022-08-28 08:00:00,18.1,G
54,2022-08-28 09:00:00,17.9,G
55,2022-08-28 10:00:00,18.6,G
56,2022-08-28 11:00:00,19.3,G
57,2022-08-28 12:00:00,19.6,G
58,2022-08-28 13:00:00,19.8,G
59,2022-08-28 14:00:00,19.5,G
60,2022-08-28 15:00:00,19.6,G
61,2022-08-28 16:00:00,19.7,G
62,2022-08-28 17:00:00,19.0,G
63,2022-08-28 18:00:00,18.2,G
64,2022-08-28 19:00:00,16.9,G
65,2022-08-28 20:00:00,15.8,G
66,2022-08-28 21:00:00,14.8,G
67,2022-08-28 22:00:00,13.6,G
68,2022-08-28 23:00:00,13.5,G
69,2022-08-29 00:00:00,13.3,G
70,2022-08-29 01:00:00,13.0,G
71,2022-08-29 02:00:00,12.8,G
72,2022-08-29 03:00:00,12.0,G
73,2022-08-29 04:00:00,11.8,G
74,2022-08-29 05:00:00,12.1,G
75,2022-08-29 06:00:00,12.1,G
76,2022-08-29 07:00:00,12.1,G
77,2022-08-29 08:00:00,11.9,G
78,2022-08-29 09:00:00,11.8,G
79,2022-08-29 10:00:00,11.9,G
80,2022-08-29 11:00:00,12.5,G
81,2022-08-29 12:00:00,13.3,G
82,2022-08-29 13:00:00,14.1,G
83,2022-08-29 14:00:00,14.4,G
84,2022-08-29 15:00:00,14.7,G
85,2022-08-29 16:00:00,15.3,G
86,2022-08-29 17:00:00,15.7,G
87,2022-08-29 18:00:00,16.0,G
88,2022-08-29 19:00:00,15.8,G
89,2022-08-29 20:00:00,14.0,G
90,2022-08-29 21:00:00,13.5,G
91,2022-08-29 22:00:00,12.7,G
92,2022-08-29 23:00:00,11.4,G
93,2022-08-30 00:00:00,10.9,G
94,2022-08-30 01:00:00,10.8,G
95,2022-08-30 02:00:00,10.5,G
96,2022-08-30 03:00:00,10.3,G
97,2022-08-30 04:00:00,10.0,G
98,2022-08-30 05:00:00,9.9,G
99,2022-08-30 06:00:00,10.1,G
100,2022-08-30 07:00:00,12.0,G
101,2022-08-30 08:00:00,14.1,G
102,2022-08-30 10:00:00,17.2,G
103,2022-08-30 11:00:00,18.4,G
104,2022-08-30 12:00:00,18.2,G
105,2022-08-30 13:00:00,18.6,G
106,2022-08-30 14:00:00,19.1,G
107,2022-08-30 15:00:00,18.0,G
108,2022-08-30 16:00:00,18.6,G
109,2022-08-30 17:00:00,17.7,G
110,2022-08-30 18:00:00,17.3,G
111,2022-08-30 19:00:00,16.8,G
112,2022-08-30 20:00:00,15.4,G
113,2022-08-30 21:00:00,13.8,G
114,2022-08-30 22:00:00,13.7,G
115,2022-08-30 23:00:00,13.9,G
116,2022-08-31 00:00:00,13.8,G
117,2022-08-31 01:00:00,13.7,G
118,2022-08-31 02:00:00,11.8,G
119,2022-08-31 03:00:00,10.4,G
120,2022-08-31 04:00:00,10.0,G
121,2022-08-31 05:00:00,9.2,G
122,2022-08-31 06:00:00,8.7,G
123,2022-08-31 07:00:00,11.6,G
124,2022-08-31 08:00:00,13.6,G
125,2022-08-31 09:00:00,15.5,G
126,2022-08-31 10:00:00,16.5,G
127,2022-08-31 11:00:00,16.1,G
128,2022-08-31 12:00:00,17.1,G
129,2022-08-31 13:00:00,17.8,G
130,2022-08-31 14:00:00,17.4,G
131,2022-08-31 15:00:00,18.3,G
132,2022-08-31 16:00:00,17.4,G
133,2022-08-31 17:00:00,17.5,G
134,2022-08-31 18:00:00,17.0,G
135,2022-08-31 19:00:00,15.9,G
136,2022-08-31 20:00:00,14.5,G
137,2022-08-31 21:00:00,13.6,G
138,2022-08-31 22:00:00,12.3,G
139,2022-08-31 23:00:00,11.8,G
140,2022-09-01 00:00:00,9.8,G
141,2022-09-01 01:00:00,9.2,G
142,2022-09-01 02:00:00,8.9,G
143,2022-09-01 03:00:00,8.5,G
144,2022-09-01 04:00:00,7.3,G
145,2022-09-01 05:00:00,6.3,G
146,2022-09-01 06:00:00,6.1,G
147,2022-09-01 07:00:00,8.6,G
148,2022-09-01 08:00:00,14.0,G
149,2022-09-01 09:00:00,14.8,G
150,2022-09-01 10:00:00,17.0,G
151,2022-09-01 11:00:00,15.5,G
152,2022-09-01 12:00:00,15.8,G
153,2022-09-01 13:00:00,16.1,G
154,2022-09-01 14:00:00,16.9,G
155,2022-09-01 15:00:00,17.0,G
156,2022-09-01 16:00:00,17.1,G
157,2022-09-01 17:00:00,16.2,G
158,2022-09-01 18:00:00,15.5,G
159,2022-09-01 19:00:00,15.0,G
160,2022-09-01 20:00:00,13.7,G
161,2022-09-01 21:00:00,11.6,G
162,2022-09-01 22:00:00,9.5,G
163,2022-09-01 23:00:00,8.9,G
164,2022-09-02 00:00:00,9.2,G
165,2022-09-02 01:00:00,9.2,G
166,2022-09-02 02:00:00,9.5,G
167,2022-09-02 03:00:00,8.7,G
168,2022-09-02 04:00:00,8.9,G
169,2022-09-02 05:00:00,9.4,G
170,2022-09-02 06:00:00,8.7,G
171,2022-09-02 07:00:00,10.9,G
172,2022-09-02 08:00:00,12.9,G
173,2022-09-02 09:00:00,13.8,G
174,2022-09-02 10:00:00,13.0,G
175,2022-09-02 11:00:00,13.6,G
176,2022-09-02 12:00:00,13.7,G
177,2022-09-02 13:00:00,14.5,G
178,2022-09-02 14:00:00,15.3,G
179,2022-09-02 15:00:00,14.2,G
180,2022-09-02 16:00:00,15.7,G
181,2022-09-02 17:00:00,14.8,G
182,2022-09-02 18:00:00,14.1,G
183,2022-09-02 19:00:00,12.8,G
184,2022-09-02 20:00:00,8.6,G
185,2022-09-02 21:00:00,6.4,G
186,2022-09-02 22:00:00,5.3,G
187,2022-09-02 23:00:00,4.3,G
188,2022-09-03 00:00:00,4.3,G
189,2022-09-03 01:00:00,3.8,G
190,2022-09-03 02:00:00,5.1,G
191,2022-09-03 03:00:00,5.0,G
192,2022-09-03 04:00:00,5.0,G
193,2022-09-03 05:00:00,4.5,G
194,2022-09-03 06:00:00,4.9,G
195,2022-09-03 07:00:00,6.7,G
196,2022-09-03 08:00:00,8.9,G
197,2022-09-03 09:00:00,12.0,G
198,2022-09-03 10:00:00,14.3,G
199,2022-09-03 11:00:00,15.7,G
200,2022-09-03 12:00:00,15.9,G
201,2022-09-03 13:00:00,16.0,G
202,2022-09-03 14:00:00,16.4,G
203,2022-09-03 15:00:00,15.7,G
204,2022-09-03 16:00:00,15.8,G
205,2022-09-03 17:00:00,15.5,G
206,2022-09-03 18:00:00,15.2,G
207,2022-09-03 19:00:00,15.2,G
208,2022-09-03 20:00:00,14.2,G
209,2022-09-03 21:00:00,12.8,G
210,2022-09-03 22:00:00,11.6,G
211,2022-09-03 23:00:00,11.4,G
212,2022-09-04 00:00:00,11.9,G
213,2022-09-04 01:00:00,11.7,G
214,2022-09-04 02:00:00,11.1,G
215,2022-09-04 03:00:00,11.4,G
216,2022-09-04 04:00:00,10.6,G
217,2022-09-04 05:00:00,10.2,G
218,2022-09-04 06:00:00,10.3,G
219,2022-09-04 07:00:00,10.3,G
220,2022-09-04 08:00:00,11.2,G
221,2022-09-04 09:00:00,12.1,G
222,2022-09-04 10:00:00,13.1,G
223,2022-09-04 11:00:00,15.2,G
224,2022-09-04 12:00:00,17.6,G
225,2022-09-04 13:00:00,17.1,G
226,2022-09-04 14:00:00,16.4,G
227,2022-09-04 15:00:00,14.5,G
228,2022-09-04 16:00:00,15.1,G
229,2022-09-04 17:00:00,15.1,G
230,2022-09-04 18:00:00,14.5,G
231,2022-09-04 19:00:00,13.4,G
232,2022-09-04 20:00:00,11.7,G
233,2022-09-04 21:00:00,9.4,G
234,2022-09-04 22:00:00,7.8,G
235,2022-09-04 23:00:00,7.0,G
236,2022-09-05 00:00:00,6.9,G
237,2022-09-05 01:00:00,6.3,G
238,2022-09-05 02:00:00,5.6,G
239,2022-09-05 03:00:00,5.8,G
240,2022-09-05 04:00:00,6.1,G
241,2022-09-05 05:00:00,6.7,G
242,2022-09-05 06:00:00,7.6,G
243,2022-09-05 07:00:00,9.3,G
244,2022-09-05 08:00:00,10.9,G
245,2022-09-05 09:00:00,14.8,G
246,2022-09-05 10:00:00,14.9,G
247,2022-09-05 11:00:00,15.0,G
248,2022-09-05 12:00:00,18.6,G
249,2022-09-05 13:00:00,14.4,G
250,2022-09-05 14:00:00,14.6,G
251,2022-09-05 15:00:00,15.4,G
252,2022-09-05 16:00:00,14.6,G
253,2022-09-05 17:00:00,14.5,G
254,2022-09-05 18:00:00,14.1,G
255,2022-09-05 19:00:00,12.2,G
256,2022-09-05 20:00:00,8.7,G
257,2022-09-05 21:00:00,6.4,G
258,2022-09-05 22:00:00,5.7,G
259,2022-09-05 23:00:00,4.7,G
260,2022-09-06 00:00:00,4.2,G
261,2022-09-06 01:00:00,3.8,G
262,2022-09-06 02:00:00,3.4,G
263,2022-09-06 03:00:00,2.9,G
264,2022-09-06 04:00:00,2.1,G
265,2022-09-06 05:00:00,1.9,G
266,2022-09-06 06:00:00,1.8,G
267,2022-09-06 07:00:00,3.8,G
268,2022-09-06 08:00:00,8.5,G
269,2022-09-06 09:00:00,13.4,G
270,2022-09-06 10:00:00,15.5,G
271,2022-09-06 11:00:00,16.2,G
272,2022-09-06 12:00:00,17.6,G
273,2022-09-06 13:00:00,18.9,G
274,2022-09-06 14:00:00,19.1,G
275,2022-09-06 15:00:00,18.6,G
276,2022-09-06 16:00:00,19.4,G
277,2022-09-06 17:00:00,19.0,G
278,2022-09-06 18:00:00,18.1,G
279,2022-09-06 19:00:00,15.4,G
280,2022-09-06 20:00:00,12.6,G
281,2022-09-06 21:00:00,10.2,G
282,2022-09-06 22:00:00,7.5,G
283,2022-09-06 23:00:00,6.5,G
284,2022-09-07 00:00:00,6.6,G
285,2022-09-07 01:00:00,5.9,G
286,2022-09-07 02:00:00,5.9,G
287,2022-09-07 03:00:00,5.6,G
288,2022-09-07 04:00:00,5.3,G
289,2022-09-07 05:00:00,5.4,G
290,2022-09-07 06:00:00,5.2,G
291,2022-09-07 07:00:00,5.0,G
292,2022-09-07 08:00:00,8.7,G
293,2022-09-07 09:00:00,14.8,G
294,2022-09-07 10:00:00,18.7,G
295,2022-09-07 11:00:00,18.0,G
296,2022-09-07 12:00:00,18.3,G
297,2022-09-07 13:00:00,19.0,G
298,2022-09-07 14:00:00,17.8,G
299,2022-09-07 15:00:00,17.1,G
300,2022-09-07 16:00:00,16.1,G
301,2022-09-07 17:00:00,15.5,G
302,2022-09-07 18:00:00,14.7,G
303,2022-09-07 19:00:00,13.7,G
304,2022-09-07 20:00:00,11.8,G
305,2022-09-07 21:00:00,8.6,G
306,2022-09-07 22:00:00,7.0,G
307,2022-09-07 23:00:00,6.3,G
308,2022-09-08 00:00:00,6.1,G
309,2022-09-08 01:00:00,6.4,G
310,2022-09-08 02:00:00,7.3,G
311,2022-09-08 03:00:00,7.0,G
312,2022-09-08 04:00:00,6.0,G
313,2022-09-08 05:00:00,5.5,G
314,2022-09-08 06:00:00,6.6,G
315,2022-09-08 07:00:00,8.7,G
316,2022-09-08 08:00:00,10.0,G
317,2022-09-08 09:00:00,10.7,G
318,2022-09-08 10:00:00,15.3,G
319,2022-09-08 11:00:00,15.1,G
320,2022-09-08 12:00:00,15.1,G
321,2022-09-08 13:00:00,15.8,G
322,2022-09-08 14:00:00,15.5,G
323,2022-09-08 15:00:00,15.0,G
324,2022-09-08 16:00:00,15.3,G
325,2022-09-08 17:00:00,14.9,G
326,2022-09-08 18:00:00,14.7,G
327,2022-09-08 19:00:00,14.1,G
328,2022-09-08 20:00:00,12.7,G
329,2022-09-08 21:00:00,13.6,G
330,2022-09-08 22:00:00,12.9,G
331,2022-09-08 23:00:00,13.5,G
332,2022-09-09 00:00:00,13.7,G
333,2022-09-09 01:00:00,14.3,G
334,2022-09-09 02:00:00,14.3,G
335,2022-09-09 03:00:00,14.2,G
336,2022-09-09 04:00:00,13.9,G
337,2022-09-09 05:00:00,13.7,G
338,2022-09-09 06:00:00,13.8,G
339,2022-09-09 07:00:00,14.2,G
340,2022-09-09 08:00:00,14.4,G
341,2022-09-09 09:00:00,15.4,G
342,2022-09-09 10:00:00,16.1,G
343,2022-09-09 11:00:00,15.7,G
344,2022-09-09 12:00:00,16.3,G
345,2022-09-09 13:00:00,16.8,G
346,2022-09-09 14:00:00,16.6,G
347,2022-09-09 15:00:00,15.9,G
348,2022-09-09 16:00:00,15.7,G
349,2022-09-09 17:00:00,15.6,G
350,2022-09-09 18:00:00,15.4,G
351,2022-09-09 19:00:00,15.5,G
352,2022-09-09 20:00:00,15.3,G
353,2022-09-09 21:00:00,14.7,G
354,2022-09-09 22:00:00,13.4,G
355,2022-09-09 23:00:00,13.5,G
356,2022-09-10 00:00:00,13.4,G
357,2022-09-10 01:00:00,13.3,G
358,2022-09-10 02:00:00,13.1,G
359,2022-09-10 03:00:00,13.0,G
360,2022-09-10 04:00:00,12.5,G
361,2022-09-10 05:00:00,12.5,G
362,2022-09-10 06:00:00,12.7,G
363,2022-09-10 07:00:00,13.1,G
364,2022-09-10 08:00:00,13.0,G
365,2022-09-10 09:00:00,13.2,G
366,2022-09-10 10:00:00,13.5,G
367,2022-09-10 11:00:00,14.9,G
368,2022-09-10 12:00:00,15.6,G
369,2022-09-10 13:00:00,16.8,G
370,2022-09-10 14:00:00,16.6,G
371,2022-09-10 15:00:00,15.9,G
372,2022-09-10 16:00:00,15.6,G
373,2022-09-10 17:00:00,15.3,G
374,2022-09-10 18:00:00,15.0,G
375,2022-09-10 19:00:00,14.6,G
376,2022-09-10 20:00:00,14.2,G
377,2022-09-10 21:00:00,13.7,G
378,2022-09-10 22:00:00,13.5,G
379,2022-09-10 23:00:00,13.4,G
380,2022-09-11 00:00:00,12.9,G
381,2022-09-11 01:00:00,12.8,G
382,2022-09-11 02:00:00,12.9,G
383,2022-09-11 03:00:00,12.9,G
384,2022-09-11 04:00:00,12.6,G
385,2022-09-11 05:00:00,12.7,G
386,2022-09-11 06:00:00,12.5,G
387,2022-09-11 07:00:00,12.6,G
388,2022-09-11 08:00:00,13.4,G
389,2022-09-11 09:00:00,15.3,G
390,2022-09-11 10:00:00,15.3,G
391,2022-09-11 11:00:00,15.4,G
392,2022-09-11 12:00:00,16.6,G
393,2022-09-11 13:00:00,14.9,G
394,2022-09-11 14:00:00,14.7,G
395,2022-09-11 15:00:00,16.5,G
396,2022-09-11 16:00:00,15.9,G
397,2022-09-11 17:00:00,15.9,G
398,2022-09-11 18:00:00,15.4,G
399,2022-09-11 19:00:00,14.9,G
400,2022-09-11 20:00:00,13.1,G
401,2022-09-11 21:00:00,12.7,G
402,2022-09-11 22:00:00,12.4,G
403,2022-09-11 23:00:00,11.4,G
404,2022-09-12 00:00:00,10.1,G
405,2022-09-12 01:00:00,9.0,G
406,2022-09-12 02:00:00,8.5,G
407,2022-09-12 03:00:00,8.1,G
408,2022-09-12 04:00:00,7.4,G
409,2022-09-12 05:00:00,6.8,G
410,2022-09-12 06:00:00,6.3,G
411,2022-09-12 07:00:00,7.8,G
412,2022-09-12 08:00:00,10.4,G
413,2022-09-12 09:00:00,13.4,G
414,2022-09-12 10:00:00,15.7,G
415,2022-09-12 11:00:00,17.8,G
416,2022-09-12 12:00:00,17.9,G
417,2022-09-12 13:00:00,18.4,G
418,2022-09-12 14:00:00,18.5,G
419,2022-09-12 15:00:00,17.8,G
420,2022-09-12 16:00:00,17.0,G
421,2022-09-12 17:00:00,16.6,G
422,2022-09-12 18:00:00,15.9,G
423,2022-09-12 19:00:00,14.9,G
424,2022-09-12 20:00:00,13.5,G
425,2022-09-12 21:00:00,12.7,G
426,2022-09-12 22:00:00,12.1,G
427,2022-09-12 23:00:00,12.5,G
428,2022-09-13 00:00:00,12.5,G
429,2022-09-13 01:00:00,12.0,G
430,2022-09-13 02:00:00,11.8,G
431,2022-09-13 03:00:00,12.0,G
432,2022-09-13 04:00:00,12.2,G
433,2022-09-13 05:00:00,13.0,G
434,2022-09-13 06:00:00,13.9,G
435,2022-09-13 07:00:00,13.7,G
436,2022-09-13 08:00:00,14.1,G
437,2022-09-13 09:00:00,14.7,G
438,2022-09-13 10:00:00,15.0,G
439,2022-09-13 11:00:00,15.0,G
440,2022-09-13 12:00:00,16.6,G
441,2022-09-13 13:00:00,16.7,G
442,2022-09-13 14:00:00,17.1,G
443,2022-09-13 15:00:00,17.1,G
444,2022-09-13 16:00:00,18.2,G
445,2022-09-13 17:00:00,18.4,G
446,2022-09-13 18:00:00,15.9,G
447,2022-09-13 19:00:00,15.2,G
448,2022-09-13 20:00:00,14.8,G
449,2022-09-13 21:00:00,14.2,G
450,2022-09-13 22:00:00,13.9,G
451,2022-09-13 23:00:00,13.6,G
452,2022-09-14 00:00:00,13.4,G
453,2022-09-14 01:00:00,13.0,G
454,2022-09-14 02:00:00,13.1,G
455,2022-09-14 03:00:00,12.4,G
456,2022-09-14 04:00:00,11.9,G
457,2022-09-14 05:00:00,12.2,G
458,2022-09-14 06:00:00,11.6,G
459,2022-09-14 07:00:00,11.0,G
460,2022-09-14 08:00:00,12.8,G
461,2022-09-14 09:00:00,14.9,G
462,2022-09-14 10:00:00,15.7,G
463,2022-09-14 11:00:00,16.9,G
464,2022-09-14 12:00:00,16.8,G
465,2022-09-14 13:00:00,18.6,G
466,2022-09-14 14:00:00,18.6,G
467,2022-09-14 15:00:00,19.5,G
468,2022-09-14 16:00:00,17.9,G
469,2022-09-14 17:00:00,17.4,G
470,2022-09-14 18:00:00,16.3,G
471,2022-09-14 19:00:00,14.7,G
472,2022-09-14 20:00:00,14.5,G
473,2022-09-14 21:00:00,14.0,G
474,2022-09-14 22:00:00,12.7,G
475,2022-09-14 23:00:00,12.3,G
476,2022-09-15 00:00:00,11.9,G
477,2022-09-15 01:00:00,11.2,G
478,2022-09-15 02:00:00,10.8,G
479,2022-09-15 03:00:00,10.5,G
480,2022-09-15 04:00:00,10.1,G
481,2022-09-15 05:00:00,10.1,G
482,2022-09-15 06:00:00,9.7,G
483,2022-09-15 07:00:00,9.9,G
484,2022-09-15 08:00:00,11.9,G
485,2022-09-15 09:00:00,14.1,G
486,2022-09-15 10:00:00,14.2,G
487,2022-09-15 11:00:00,14.6,G
488,2022-09-15 12:00:00,17.5,G
489,2022-09-15 13:00:00,18.5,G
490,2022-09-15 14:00:00,19.1,G
491,2022-09-15 15:00:00,18.2,G
492,2022-09-15 16:00:00,14.6,G
493,2022-09-15 17:00:00,15.6,G
494,2022-09-15 18:00:00,15.4,G
495,2022-09-15 19:00:00,13.2,G
496,2022-09-15 20:00:00,12.9,G
497,2022-09-15 21:00:00,12.0,G
498,2022-09-15 22:00:00,11.4,G
499,2022-09-15 23:00:00,10.9,G
500,2022-09-16 00:00:00,11.0,G
501,2022-09-16 01:00:00,10.6,G
502,2022-09-16 02:00:00,9.9,G
503,2022-09-16 03:00:00,10.1,G
504,2022-09-16 04:00:00,10.1,G
505,2022-09-16 05:00:00,10.8,G
506,2022-09-16 06:00:00,10.8,G
507,2022-09-16 07:00:00,10.8,G
508,2022-09-16 08:00:00,11.4,G
509,2022-09-16 09:00:00,12.6,G
510,2022-09-16 10:00:00,13.7,G
511,2022-09-16 11:00:00,13.9,G
512,2022-09-16 12:00:00,15.2,G
513,2022-09-16 13:00:00,16.5,G
514,2022-09-16 14:00:00,15.5,G
515,2022-09-16 15:00:00,15.2,G
516,2022-09-16 16:00:00,13.0,G
517,2022-09-16 17:00:00,12.7,G
518,2022-09-16 18:00:00,12.0,G
519,2022-09-16 19:00:00,11.8,G
520,2022-09-16 20:00:00,11.3,G
521,2022-09-16 21:00:00,11.5,G
522,2022-09-16 22:00:00,11.4,G
523,2022-09-16 23:00:00,11.3,G
524,2022-09-17 00:00:00,10.8,G
525,2022-09-17 01:00:00,10.5,G
526,2022-09-17 02:00:00,9.7,G
527,2022-09-17 03:00:00,9.2,G
528,2022-09-17 04:00:00,9.0,G
529,2022-09-17 05:00:00,8.8,G
530,2022-09-17 06:00:00,8.4,G
531,2022-09-17 07:00:00,8.5,G
532,2022-09-17 08:00:00,10.6,G
533,2022-09-17 09:00:00,13.2,G
534,2022-09-17 10:00:00,14.1,G
535,2022-09-17 11:00:00,14.9,G
536,2022-09-17 12:00:00,16.7,G
537,2022-09-17 13:00:00,15.9,G
538,2022-09-17 14:00:00,16.8,G
539,2022-09-17 15:00:00,16.7,G
540,2022-09-17 16:00:00,16.5,G
541,2022-09-17 17:00:00,15.9,G
542,2022-09-17 18:00:00,14.9,G
543,2022-09-17 19:00:00,14.1,G
544,2022-09-17 20:00:00,13.2,G
545,2022-09-17 21:00:00,12.4,G
546,2022-09-17 22:00:00,12.2,G
547,2022-09-17 23:00:00,11.4,G
548,2022-09-18 00:00:00,11.9,G
549,2022-09-18 01:00:00,11.9,G
550,2022-09-18 02:00:00,11.8,G
551,2022-09-18 03:00:00,11.4,G
552,2022-09-18 04:00:00,11.2,G
553,2022-09-18 05:00:00,10.9,G
554,2022-09-18 06:00:00,10.3,G
555,2022-09-18 07:00:00,9.2,G
556,2022-09-18 08:00:00,9.5,G
557,2022-09-18 09:00:00,11.3,G
558,2022-09-18 10:00:00,14.2,G
559,2022-09-18 11:00:00,15.2,G
560,2022-09-18 12:00:00,16.4,G
561,2022-09-18 13:00:00,16.5,G
562,2022-09-18 14:00:00,14.8,G
563,2022-09-18 15:00:00,11.5,G
564,2022-09-18 16:00:00,13.2,G
565,2022-09-18 17:00:00,13.9,G
566,2022-09-18 18:00:00,13.5,G
567,2022-09-18 19:00:00,12.2,G
568,2022-09-18 20:00:00,10.8,G
569,2022-09-18 21:00:00,9.1,G
570,2022-09-18 22:00:00,8.0,G
571,2022-09-18 23:00:00,8.9,G
572,2022-09-19 00:00:00,9.6,G
573,2022-09-19 01:00:00,10.0,G
574,2022-09-19 02:00:00,10.3,G
575,2022-09-19 03:00:00,10.2,G
576,2022-09-19 04:00:00,10.3,G
577,2022-09-19 05:00:00,9.7,G
578,2022-09-19 06:00:00,9.8,G
579,2022-09-19 07:00:00,10.0,G
580,2022-09-19 08:00:00,11.4,G
581,2022-09-19 09:00:00,11.2,G
582,2022-09-19 10:00:00,12.2,G
583,2022-09-19 11:00:00,12.9,G
584,2022-09-19 12:00:00,13.1,G
585,2022-09-19 13:00:00,14.1,G
586,2022-09-19 14:00:00,14.4,G
587,2022-09-19 15:00:00,15.0,G
588,2022-09-19 16:00:00,12.3,G
589,2022-09-19 17:00:00,12.7,G
590,2022-09-19 18:00:00,12.3,G
591,2022-09-19 19:00:00,11.9,G
592,2022-09-19 20:00:00,11.6,G
593,2022-09-19 21:00:00,11.2,G
594,2022-09-19 22:00:00,10.4,G
595,2022-09-19 23:00:00,10.4,G
596,2022-09-20 00:00:00,10.4,G
597,2022-09-20 01:00:00,9.8,G
598,2022-09-20 02:00:00,10.1,G
599,2022-09-20 03:00:00,9.2,G
600,2022-09-20 04:00:00,8.5,G
601,2022-09-20 05:00:00,8.0,G
602,2022-09-20 06:00:00,8.5,G
603,2022-09-20 07:00:00,8.2,G
604,2022-09-20 08:00:00,11.2,G
605,2022-09-20 09:00:00,11.8,G
606,2022-09-20 10:00:00,13.1,G
607,2022-09-20 11:00:00,13.9,G
608,2022-09-20 12:00:00,13.1,G
609,2022-09-20 13:00:00,14.6,G
610,2022-09-20 14:00:00,15.4,G
611,2022-09-20 15:00:00,13.3,G
612,2022-09-20 16:00:00,13.4,G
613,2022-09-20 17:00:00,13.7,G
614,2022-09-20 18:00:00,12.8,G
615,2022-09-20 19:00:00,11.7,G
616,2022-09-20 20:00:00,11.1,G
617,2022-09-20 21:00:00,8.1,G
618,2022-09-20 22:00:00,5.9,G
619,2022-09-20 23:00:00,6.7,G
620,2022-09-21 00:00:00,6.1,G
621,2022-09-21 01:00:00,6.1,G
622,2022-09-21 02:00:00,4.2,G
623,2022-09-21 03:00:00,3.4,G
624,2022-09-21 04:00:00,3.2,G
625,2022-09-21 05:00:00,2.6,G
626,2022-09-21 06:00:00,2.0,G
627,2022-09-21 07:00:00,2.0,G
628,2022-09-21 08:00:00,5.4,G
629,2022-09-21 09:00:00,9.7,G
630,2022-09-21 10:00:00,11.4,G
631,2022-09-21 11:00:00,13.2,G
632,2022-09-21 12:00:00,14.0,G
633,2022-09-21 13:00:00,14.6,G
634,2022-09-21 14:00:00,14.5,G
635,2022-09-21 15:00:00,15.9,G
636,2022-09-21 16:00:00,14.2,G
637,2022-09-21 17:00:00,13.1,G
638,2022-09-21 18:00:00,13.1,G
639,2022-09-21 19:00:00,9.6,G
640,2022-09-21 20:00:00,6.3,G
641,2022-09-21 21:00:00,4.6,G
642,2022-09-21 22:00:00,3.8,G
643,2022-09-21 23:00:00,3.3,G
644,2022-09-22 00:00:00,2.4,G
645,2022-09-22 01:00:00,1.8,G
646,2022-09-22 02:00:00,1.5,G
647,2022-09-22 03:00:00,1.4,G
648,2022-09-22 04:00:00,1.3,G
649,2022-09-22 05:00:00,1.7,G
650,2022-09-22 06:00:00,1.2,G
651,2022-09-22 07:00:00,1.4,G
652,2022-09-22 08:00:00,4.7,G
653,2022-09-22 09:00:00,9.7,G
654,2022-09-22 10:00:00,13.3,G
655,2022-09-22 11:00:00,14.6,G
656,2022-09-22 12:00:00,17.2,G
657,2022-09-22 13:00:00,16.2,G
658,2022-09-22 14:00:00,17.0,G
659,2022-09-22 15:00:00,17.2,G
660,2022-09-22 16:00:00,18.1,G
661,2022-09-22 17:00:00,15.9,G
662,2022-09-22 18:00:00,15.4,G
663,2022-09-22 19:00:00,10.1,G
664,2022-09-22 20:00:00,7.3,G
665,2022-09-22 21:00:00,6.0,G
666,2022-09-22 22:00:00,6.0,G
667,2022-09-22 23:00:00,6.8,G
668,2022-09-23 00:00:00,7.9,G
669,2022-09-23 01:00:00,7.6,G
670,2022-09-23 02:00:00,7.2,G
671,2022-09-23 03:00:00,7.0,G
672,2022-09-23 04:00:00,7.9,G
673,2022-09-23 05:00:00,7.2,G
674,2022-09-23 06:00:00,5.6,G
675,2022-09-23 07:00:00,4.4,G
676,2022-09-23 08:00:00,7.1,G
677,2022-09-23 09:00:00,11.7,G
678,2022-09-23 10:00:00,12.3,G
679,2022-09-23 11:00:00,14.2,G
680,2022-09-23 12:00:00,15.3,G
681,2022-09-23 13:00:00,15.7,G
682,2022-09-23 14:00:00,15.7,G
683,2022-09-23 15:00:00,15.8,G
684,2022-09-23 16:00:00,14.4,G
685,2022-09-23 17:00:00,13.9,G
686,2022-09-23 18:00:00,13.4,G
687,2022-09-23 19:00:00,11.1,G
688,2022-09-23 20:00:00,9.6,G
689,2022-09-23 21:00:00,9.5,G
690,2022-09-23 22:00:00,9.5,G
691,2022-09-23 23:00:00,9.5,G
692,2022-09-24 00:00:00,9.6,G
693,2022-09-24 01:00:00,9.4,G
694,2022-09-24 02:00:00,8.2,G
695,2022-09-24 03:00:00,7.2,G
696,2022-09-24 04:00:00,6.5,G
697,2022-09-24 05:00:00,6.7,G
698,2022-09-24 06:00:00,6.2,G
699,2022-09-24 07:00:00,6.1,G
700,2022-09-24 08:00:00,7.5,G
701,2022-09-24 09:00:00,10.8,G
702,2022-09-24 10:00:00,12.7,G
703,2022-09-24 11:00:00,15.5,G
704,2022-09-24 12:00:00,16.3,G
705,2022-09-24 13:00:00,15.3,G
706,2022-09-24 14:00:00,16.7,G
707,2022-09-24 15:00:00,16.0,G
708,2022-09-24 16:00:00,15.0,G
709,2022-09-24 17:00:00,15.4,G
710,2022-09-24 18:00:00,13.8,G
711,2022-09-24 19:00:00,10.9,G
712,2022-09-24 20:00:00,8.5,G
713,2022-09-24 21:00:00,7.0,G
714,2022-09-24 22:00:00,6.3,G
715,2022-09-24 23:00:00,5.4,G
716,2022-09-25 00:00:00,5.3,G
717,2022-09-25 01:00:00,5.2,G
718,2022-09-25 02:00:00,5.5,G
719,2022-09-25 03:00:00,4.8,G
720,2022-09-25 04:00:00,5.9,G
721,2022-09-25 05:00:00,6.2,G
722,2022-09-25 06:00:00,6.1,G
723,2022-09-25 07:00:00,6.5,G
724,2022-09-25 08:00:00,7.8,G
725,2022-09-25 09:00:00,9.2,G
726,2022-09-25 10:00:00,11.2,G
727,2022-09-25 11:00:00,12.2,G
728,2022-09-25 12:00:00,13.0,G
729,2022-09-25 13:00:00,13.2,G
730,2022-09-25 14:00:00,12.8,G
731,2022-09-25 15:00:00,13.9,G
732,2022-09-25 16:00:00,15.6,G
733,2022-09-25 17:00:00,14.9,G
734,2022-09-25 18:00:00,13.4,G
735,2022-09-25 19:00:00,10.7,G
736,2022-09-25 20:00:00,10.5,G
737,2022-09-25 21:00:00,10.7,G
738,2022-09-25 22:00:00,11.0,G
739,2022-09-25 23:00:00,9.6,G
740,2022-09-26 00:00:00,9.1,G
741,2022-09-26 01:00:00,8.7,G
742,2022-09-26 02:00:00,8.6,G
743,2022-09-26 03:00:00,8.4,G
744,2022-09-26 04:00:00,8.8,G
745,2022-09-26 05:00:00,8.6,G
746,2022-09-26 06:00:00,8.6,G
747,2022-09-26 07:00:00,9.1,G
748,2022-09-26 08:00:00,9.6,G
749,2022-09-26 09:00:00,10.2,G
750,2022-09-26 10:00:00,10.7,G
751,2022-09-26 11:00:00,11.5,G
752,2022-09-26 12:00:00,12.0,G
753,2022-09-26 13:00:00,13.9,G
754,2022-09-26 14:00:00,13.3,G
755,2022-09-26 15:00:00,15.6,G
756,2022-09-26 16:00:00,14.9,G
757,2022-09-26 17:00:00,14.0,G
758,2022-09-26 18:00:00,13.3,G
759,2022-09-26 19:00:00,11.9,G
760,2022-09-26 20:00:00,10.5,G
761,2022-09-26 21:00:00,10.8,G
762,2022-09-26 22:00:00,10.8,G
763,2022-09-26 23:00:00,10.6,G
764,2022-09-27 00:00:00,11.4,G
765,2022-09-27 01:00:00,10.5,G
766,2022-09-27 02:00:00,11.6,G
767,2022-09-27 03:00:00,11.3,G
768,2022-09-27 04:00:00,11.6,G
769,2022-09-27 05:00:00,11.4,G
770,2022-09-27 06:00:00,11.1,G
771,2022-09-27 07:00:00,11.8,G
772,2022-09-27 08:00:00,12.6,G
773,2022-09-27 09:00:00,14.1,G
774,2022-09-27 10:00:00,14.8,G
775,2022-09-27 11:00:00,15.1,G
776,2022-09-27 12:00:00,15.4,G
777,2022-09-27 13:00:00,15.6,G
778,2022-09-27 14:00:00,15.7,G
779,2022-09-27 15:00:00,15.4,G
780,2022-09-27 16:00:00,15.2,G
781,2022-09-27 17:00:00,14.1,G
782,2022-09-27 18:00:00,13.4,G
783,2022-09-27 19:00:00,12.8,G
784,2022-09-27 20:00:00,12.8,G
785,2022-09-27 21:00:00,13.4,G
786,2022-09-27 22:00:00,13.9,G
787,2022-09-27 23:00:00,14.2,G
788,2022-09-28 00:00:00,14.3,G
789,2022-09-28 01:00:00,14.1,G
790,2022-09-28 02:00:00,13.8,G
791,2022-09-28 03:00:00,13.7,G
792,2022-09-28 04:00:00,13.3,G
793,2022-09-28 05:00:00,13.1,G
794,2022-09-28 06:00:00,12.8,G
795,2022-09-28 07:00:00,12.7,G
796,2022-09-28 08:00:00,12.6,G
797,2022-09-28 09:00:00,13.0,G
798,2022-09-28 10:00:00,13.5,G
799,2022-09-28 11:00:00,13.7,G
800,2022-09-28 12:00:00,14.3,G
801,2022-09-28 13:00:00,14.1,G
802,2022-09-28 14:00:00,14.2,G
803,2022-09-28 15:00:00,14.0,G
804,2022-09-28 16:00:00,13.5,G
805,2022-09-28 17:00:00,12.8,G
806,2022-09-28 18:00:00,12.5,G
807,2022-09-28 19:00:00,12.3,G
808,2022-09-28 20:00:00,12.2,G
809,2022-09-28 21:00:00,12.3,G
810,2022-09-28 22:00:00,12.1,G
811,2022-09-28 23:00:00,12.4,G
812,2022-09-29 00:00:00,12.0,G
813,2022-09-29 01:00:00,12.1,G
814,2022-09-29 02:00:00,11.7,G
815,2022-09-29 03:00:00,11.4,G
816,2022-09-29 04:00:00,11.5,G
817,2022-09-29 05:00:00,11.3,G
818,2022-09-29 06:00:00,11.0,G
819,2022-09-29 07:00:00,10.7,G
820,2022-09-29 08:00:00,8.8,G
821,2022-09-29 09:00:00,9.3,G
822,2022-09-29 10:00:00,9.2,G
823,2022-09-29 11:00:00,11.9,G
824,2022-09-29 12:00:00,12.3,G
825,2022-09-29 13:00:00,10.5,G
826,2022-09-29 14:00:00,12.7,G
827,2022-09-29 15:00:00,11.2,G
828,2022-09-29 16:00:00,11.2,G
829,2022-09-29 17:00:00,9.9,G
830,2022-09-29 18:00:00,9.8,G
831,2022-09-29 19:00:00,9.2,G
832,2022-09-29 20:00:00,9.0,G
833,2022-09-29 21:00:00,8.5,G
834,2022-09-29 22:00:00,7.8,G
835,2022-09-29 23:00:00,7.2,G
836,2022-09-30 00:00:00,6.6,G
837,2022-09-30 01:00:00,5.7,G
838,2022-09-30 02:00:00,4.7,G
839,2022-09-30 03:00:00,3.7,G
840,2022-09-30 04:00:00,3.2,G
841,2022-09-30 05:00:00,2.6,G
842,2022-09-30 06:00:00,1.8,G
843,2022-09-30 07:00:00,1.0,G
844,2022-09-30 08:00:00,3.0,G
845,2022-09-30 09:00:00,6.7,G
846,2022-09-30 10:00:00,8.9,G
847,2022-09-30 11:00:00,11.3,G
848,2022-09-30 12:00:00,11.9,G
849,2022-09-30 13:00:00,12.5,G
850,2022-09-30 14:00:00,12.8,G
851,2022-09-30 15:00:00,12.9,G
852,2022-09-30 16:00:00,12.6,G
853,2022-09-30 17:00:00,11.9,G
854,2022-09-30 18:00:00,10.5,G
855,2022-09-30 19:00:00,9.6,G
856,2022-09-30 20:00:00,8.1,G
857,2022-09-30 21:00:00,9.1,G
858,2022-09-30 22:00:00,9.9,G
859,2022-09-30 23:00:00,9.9,G
860,2022-10-01 00:00:00,10.1,G
861,2022-10-01 01:00:00,10.2,G
862,2022-10-01 02:00:00,10.1,G
863,2022-10-01 03:00:00,10.0,G
864,2022-10-01 04:00:00,9.7,G
865,2022-10-01 05:00:00,9.1,G
866,2022-10-01 06:00:00,8.0,G
867,2022-10-01 07:00:00,6.0,G
868,2022-10-01 08:00:00,6.4,G
869,2022-10-01 09:00:00,10.0,G
870,2022-10-01 10:00:00,14.0,G
871,2022-10-01 11:00:00,14.9,G
872,2022-10-01 12:00:00,14.8,G
873,2022-10-01 13:00:00,11.3,G
874,2022-10-01 14:00:00,14.1,G
875,2022-10-01 15:00:00,14.2,G
876,2022-10-01 16:00:00,13.9,G
877,2022-10-01 17:00:00,14.0,G
878,2022-10-01 18:00:00,13.3,G
879,2022-10-01 19:00:00,12.9,G
880,2022-10-01 20:00:00,12.6,G
881,2022-10-01 21:00:00,12.3,G
882,2022-10-01 22:00:00,9.6,G
883,2022-10-01 23:00:00,9.4,G
884,2022-10-02 00:00:00,9.2,G
885,2022-10-02 01:00:00,9.1,G
886,2022-10-02 02:00:00,9.4,G
887,2022-10-02 03:00:00,9.2,G
888,2022-10-02 04:00:00,9.0,G
889,2022-10-02 05:00:00,8.9,G
890,2022-10-02 06:00:00,9.0,G
891,2022-10-02 07:00:00,9.0,G
892,2022-10-02 08:00:00,9.6,G
893,2022-10-02 09:00:00,10.8,G
894,2022-10-02 10:00:00,11.9,G
895,2022-10-02 11:00:00,12.2,G
896,2022-10-02 12:00:00,12.6,G
897,2022-10-02 13:00:00,13.2,G
898,2022-10-02 14:00:00,13.9,G
899,2022-10-02 15:00:00,13.2,G
900,2022-10-02 16:00:00,13.4,G
901,2022-10-02 17:00:00,13.0,G
902,2022-10-02 18:00:00,11.4,G
903,2022-10-02 19:00:00,11.3,G
904,2022-10-02 20:00:00,11.0,G
905,2022-10-02 21:00:00,11.0,G
906,2022-10-02 22:00:00,10.7,G
907,2022-10-02 23:00:00,10.4,G
908,2022-10-03 00:00:00,9.8,G
909,2022-10-03 01:00:00,10.2,G
910,2022-10-03 02:00:00,10.3,G
911,2022-10-03 03:00:00,10.3,G
912,2022-10-03 04:00:00,9.7,G
913,2022-10-03 05:00:00,9.8,G
914,2022-10-03 06:00:00,9.7,G
915,2022-10-03 07:00:00,9.4,G
916,2022-10-03 08:00:00,9.8,G
917,2022-10-03 09:00:00,10.8,G
918,2022-10-03 10:00:00,11.9,G
919,2022-10-03 11:00:00,12.1,G
920,2022-10-03 12:00:00,12.9,G
921,2022-10-03 13:00:00,13.7,G
922,2022-10-03 14:00:00,13.7,G
923,2022-10-03 15:00:00,14.9,G
924,2022-10-03 16:00:00,15.2,G
925,2022-10-03 17:00:00,13.4,G
926,2022-10-03 18:00:00,11.8,G
927,2022-10-03 19:00:00,11.1,G
928,2022-10-03 20:00:00,9.6,G
929,2022-10-03 21:00:00,9.5,G
930,2022-10-03 22:00:00,8.9,G
931,2022-10-03 23:00:00,8.3,G
932,2022-10-04 00:00:00,7.9,G
933,2022-10-04 01:00:00,7.6,G
934,2022-10-04 02:00:00,7.4,G
935,2022-10-04 03:00:00,7.3,G
936,2022-10-04 04:00:00,7.0,G
937,2022-10-04 05:00:00,6.7,G
938,2022-10-04 06:00:00,6.9,G
939,2022-10-04 07:00:00,7.1,G
940,2022-10-04 08:00:00,8.3,G
941,2022-10-04 09:00:00,10.8,G
942,2022-10-04 10:00:00,13.0,G
943,2022-10-04 11:00:00,14.6,G
944,2022-10-04 12:00:00,16.2,G
945,2022-10-04 13:00:00,17.1,G
946,2022-10-04 14:00:00,17.3,G
947,2022-10-04 15:00:00,17.1,G
948,2022-10-04 16:00:00,15.8,G
949,2022-10-04 17:00:00,15.3,G
950,2022-10-04 18:00:00,14.6,G
951,2022-10-04 19:00:00,13.4,G
952,2022-10-04 20:00:00,12.9,G
953,2022-10-04 21:00:00,12.1,G
954,2022-10-04 22:00:00,12.0,G
955,2022-10-04 23:00:00,11.3,G
956,2022-10-05 00:00:00,11.6,G
957,2022-10-05 01:00:00,11.2,G
958,2022-10-05 02:00:00,10.8,G
959,2022-10-05 03:00:00,11.0,G
960,2022-10-05 04:00:00,11.3,G
961,2022-10-05 05:00:00,11.9,G
962,2022-10-05 06:00:00,12.0,G
963,2022-10-05 07:00:00,12.2,G
964,2022-10-05 08:00:00,12.8,G
965,2022-10-05 09:00:00,13.7,G
966,2022-10-05 10:00:00,14.6,G
967,2022-10-05 11:00:00,15.5,G
968,2022-10-05 12:00:00,15.6,G
969,2022-10-05 13:00:00,16.2,G
970,2022-10-05 14:00:00,16.3,G
971,2022-10-05 15:00:00,16.6,G
972,2022-10-05 16:00:00,16.7,G
973,2022-10-05 17:00:00,16.5,G
974,2022-10-05 18:00:00,16.3,G
975,2022-10-05 19:00:00,16.1,G
976,2022-10-05 20:00:00,15.7,G
977,2022-10-05 21:00:00,15.4,G
978,2022-10-05 22:00:00,15.3,G
979,2022-10-05 23:00:00,15.2,G
980,2022-10-06 00:00:00,15.4,G
981,2022-10-06 01:00:00,14.5,G
982,2022-10-06 02:00:00,14.0,G
983,2022-10-06 03:00:00,14.3,G
984,2022-10-06 04:00:00,15.0,G
985,2022-10-06 05:00:00,15.6,G
986,2022-10-06 06:00:00,15.0,G
987,2022-10-06 07:00:00,14.1,G
988,2022-10-06 08:00:00,13.0,G
989,2022-10-06 09:00:00,12.9,G
990,2022-10-06 10:00:00,13.7,G
991,2022-10-06 11:00:00,13.8,G
992,2022-10-06 12:00:00,14.3,G
993,2022-10-06 13:00:00,15.1,G
994,2022-10-06 14:00:00,15.3,G
995,2022-10-06 15:00:00,13.7,G
996,2022-10-06 16:00:00,15.4,G
997,2022-10-06 17:00:00,14.8,G
998,2022-10-06 18:00:00,13.5,G
999,2022-10-06 19:00:00,13.1,G
1000,2022-10-06 20:00:00,13.1,G
1001,2022-10-06 21:00:00,13.1,G
1002,2022-10-06 22:00:00,13.0,G
1003,2022-10-06 23:00:00,12.8,G
1004,2022-10-07 00:00:00,12.7,G
1005,2022-10-07 01:00:00,12.8,G
1006,2022-10-07 02:00:00,12.5,G
1007,2022-10-07 03:00:00,12.1,G
1008,2022-10-07 04:00:00,11.6,G
1009,2022-10-07 05:00:00,11.0,G
1010,2022-10-07 06:00:00,11.1,G
1011,2022-10-07 07:00:00,11.0,G
1012,2022-10-07 08:00:00,11.0,G
1013,2022-10-07 09:00:00,12.7,G
1014,2022-10-07 10:00:00,14.1,G
1015,2022-10-07 11:00:00,14.7,G
1016,2022-10-07 12:00:00,15.2,G
1017,2022-10-07 13:00:00,15.5,G
1018,2022-10-07 14:00:00,16.7,G
1019,2022-10-07 15:00:00,16.8,G
1020,2022-10-07 16:00:00,16.5,G
1021,2022-10-07 17:00:00,16.0,G
1022,2022-10-07 18:00:00,14.9,G
1023,2022-10-07 19:00:00,14.0,G
1024,2022-10-07 20:00:00,12.7,G
1025,2022-10-07 21:00:00,12.5,G
1026,2022-10-07 22:00:00,12.1,G
1027,2022-10-07 23:00:00,12.4,G
1028,2022-10-08 00:00:00,13.0,G
1029,2022-10-08 01:00:00,12.7,G
1030,2022-10-08 02:00:00,12.1,G
1031,2022-10-08 03:00:00,12.7,G
1032,2022-10-08 04:00:00,12.5,G
1033,2022-10-08 05:00:00,12.8,G
1034,2022-10-08 06:00:00,12.3,G
1035,2022-10-08 07:00:00,11.2,G
1036,2022-10-08 08:00:00,11.3,G
1037,2022-10-08 09:00:00,11.6,G
1038,2022-10-08 10:00:00,12.1,G
1039,2022-10-08 11:00:00,13.4,G
1040,2022-10-08 12:00:00,14.5,G
1041,2022-10-08 13:00:00,14.4,G
1042,2022-10-08 14:00:00,15.3,G
1043,2022-10-08 15:00:00,13.9,G
1044,2022-10-08 16:00:00,13.3,G
1045,2022-10-08 17:00:00,12.6,G
1046,2022-10-08 18:00:00,11.3,G
1047,2022-10-08 19:00:00,10.0,G
1048,2022-10-08 20:00:00,9.2,G
1049,2022-10-08 21:00:00,8.4,G
1050,2022-10-08 22:00:00,8.5,G
1051,2022-10-08 23:00:00,8.0,G
1052,2022-10-09 00:00:00,7.3,G
1053,2022-10-09 01:00:00,6.7,G
1054,2022-10-09 02:00:00,6.0,G
1055,2022-10-09 03:00:00,6.3,G
1056,2022-10-09 04:00:00,6.1,G
1057,2022-10-09 05:00:00,4.9,G
1058,2022-10-09 06:00:00,4.9,G
1059,2022-10-09 07:00:00,4.3,G
1060,2022-10-09 08:00:00,5.4,G
1061,2022-10-09 09:00:00,7.5,G
1062,2022-10-09 10:00:00,9.4,G
1063,2022-10-09 11:00:00,11.3,G
1064,2022-10-09 12:00:00,12.5,G
1065,2022-10-09 13:00:00,13.4,G
1066,2022-10-09 14:00:00,14.0,G
1067,2022-10-09 15:00:00,14.6,G
1068,2022-10-09 16:00:00,13.6,G
1069,2022-10-09 17:00:00,13.0,G
1070,2022-10-09 18:00:00,9.6,G
1071,2022-10-09 19:00:00,6.8,G
1072,2022-10-09 20:00:00,5.3,G
1073,2022-10-09 21:00:00,4.8,G
1074,2022-10-09 22:00:00,4.7,G
1075,2022-10-09 23:00:00,5.6,G
1076,2022-10-10 00:00:00,6.2,G
1077,2022-10-10 01:00:00,4.7,G
1078,2022-10-10 02:00:00,4.4,G
1079,2022-10-10 03:00:00,4.3,G
1080,2022-10-10 04:00:00,4.2,G
1081,2022-10-10 05:00:00,4.4,G
1082,2022-10-10 06:00:00,4.4,G
1083,2022-10-10 07:00:00,6.1,G
1084,2022-10-10 08:00:00,6.9,G
1085,2022-10-10 09:00:00,8.5,G
1086,2022-10-10 10:00:00,10.5,G
1087,2022-10-10 11:00:00,12.7,G
1088,2022-10-10 12:00:00,14.2,G
1089,2022-10-10 13:00:00,15.4,G
1090,2022-10-10 14:00:00,15.2,G
1091,2022-10-10 15:00:00,14.9,G
1092,2022-10-10 16:00:00,14.2,G
1093,2022-10-10 17:00:00,13.1,G
1094,2022-10-10 18:00:00,11.5,G
1095,2022-10-10 19:00:00,11.0,G
1096,2022-10-10 20:00:00,10.8,G
1097,2022-10-10 21:00:00,10.6,G
1098,2022-10-10 22:00:00,10.2,G
1099,2022-10-10 23:00:00,9.7,G
1100,2022-10-11 00:00:00,9.4,G
1101,2022-10-11 01:00:00,9.3,G
1102,2022-10-11 02:00:00,9.6,G
1103,2022-10-11 03:00:00,9.7,G
1104,2022-10-11 04:00:00,9.4,G
1105,2022-10-11 05:00:00,8.4,G
1106,2022-10-11 06:00:00,7.7,G
1107,2022-10-11 07:00:00,7.7,G
1108,2022-10-11 08:00:00,8.0,G
1109,2022-10-11 09:00:00,9.0,G
1110,2022-10-11 10:00:00,10.3,G
1111,2022-10-11 11:00:00,11.6,G
1112,2022-10-11 12:00:00,12.8,G
1113,2022-10-11 13:00:00,12.6,G
1114,2022-10-11 14:00:00,12.8,G
1115,2022-10-11 15:00:00,12.5,G
1116,2022-10-11 16:00:00,12.9,G
1117,2022-10-11 17:00:00,12.6,G
1118,2022-10-11 18:00:00,11.3,G
1119,2022-10-11 19:00:00,8.2,G
1120,2022-10-11 20:00:00,5.7,G
1121,2022-10-11 21:00:00,3.8,G
1122,2022-10-11 22:00:00,5.5,G
1123,2022-10-11 23:00:00,4.9,G
1124,2022-10-12 00:00:00,3.8,G
1125,2022-10-12 01:00:00,3.9,G
1126,2022-10-12 02:00:00,4.7,G
1127,2022-10-12 03:00:00,4.0,G
1128,2022-10-12 04:00:00,3.6,G
1129,2022-10-12 05:00:00,3.4,G
1130,2022-10-12 06:00:00,3.6,G
1131,2022-10-12 07:00:00,3.2,G
1132,2022-10-12 08:00:00,3.4,G
1133,2022-10-12 09:00:00,6.1,G
1134,2022-10-12 10:00:00,8.2,G
1135,2022-10-12 11:00:00,10.8,G
1136,2022-10-12 12:00:00,11.4,G
1137,2022-10-12 13:00:00,12.7,G
1138,2022-10-12 14:00:00,13.2,G
1139,2022-10-12 15:00:00,14.0,G
1140,2022-10-12 16:00:00,12.8,G
1141,2022-10-12 17:00:00,12.3,G
1142,2022-10-12 18:00:00,10.8,G
1143,2022-10-12 19:00:00,7.9,G
1144,2022-10-12 20:00:00,6.6,G
1145,2022-10-12 21:00:00,5.6,G
1146,2022-10-12 22:00:00,6.1,G
1147,2022-10-12 23:00:00,7.6,G
1148,2022-10-13 00:00:00,7.5,G
1149,2022-10-13 01:00:00,7.1,G
1150,2022-10-13 02:00:00,7.3,G
1151,2022-10-13 03:00:00,8.1,G
1152,2022-10-13 04:00:00,7.8,G
1153,2022-10-13 05:00:00,7.5,G
1154,2022-10-13 06:00:00,7.5,G
1155,2022-10-13 07:00:00,7.5,G
1156,2022-10-13 08:00:00,8.2,G
1157,2022-10-13 09:00:00,9.3,G
1158,2022-10-13 10:00:00,10.0,G
1159,2022-10-13 11:00:00,11.1,G
1160,2022-10-13 12:00:00,12.4,G
1161,2022-10-13 13:00:00,13.2,G
1162,2022-10-13 14:00:00,13.8,G
1163,2022-10-13 15:00:00,14.2,G
1164,2022-10-13 16:00:00,13.7,G
1165,2022-10-13 17:00:00,12.8,G
1166,2022-10-13 18:00:00,11.6,G
1167,2022-10-13 19:00:00,11.3,G
1168,2022-10-13 20:00:00,11.0,G
1169,2022-10-13 21:00:00,10.8,G
1170,2022-10-13 22:00:00,10.6,G
1171,2022-10-13 23:00:00,9.7,G
1172,2022-10-14 00:00:00,9.9,G
1173,2022-10-14 01:00:00,9.9,G
1174,2022-10-14 02:00:00,9.8,G
1175,2022-10-14 03:00:00,9.7,G
1176,2022-10-14 04:00:00,9.0,G
1177,2022-10-14 05:00:00,8.4,G
1178,2022-10-14 06:00:00,8.2,G
1179,2022-10-14 07:00:00,7.4,G
1180,2022-10-14 08:00:00,8.1,G
1181,2022-10-14 09:00:00,8.9,G
1182,2022-10-14 10:00:00,10.0,G
1183,2022-10-14 11:00:00,11.5,G
1184,2022-10-14 12:00:00,12.1,G
1185,2022-10-14 13:00:00,12.8,G
1186,2022-10-14 14:00:00,13.0,G
1187,2022-10-14 15:00:00,13.1,G
1188,2022-10-14 16:00:00,13.2,G
1189,2022-10-14 17:00:00,12.8,G
1190,2022-10-14 18:00:00,12.1,G
1191,2022-10-14 19:00:00,11.3,G
1192,2022-10-14 20:00:00,10.9,G
1193,2022-10-14 21:00:00,8.8,G
1194,2022-10-14 22:00:00,7.7,G
1195,2022-10-14 23:00:00,6.4,G
1196,2022-10-15 00:00:00,6.7,G
1197,2022-10-15 01:00:00,6.8,G
1198,2022-10-15 02:00:00,7.3,G
1199,2022-10-15 03:00:00,8.3,G
1200,2022-10-15 04:00:00,10.1,G
1201,2022-10-15 05:00:00,10.9,G
1202,2022-10-15 06:00:00,10.9,G
1203,2022-10-15 07:00:00,10.5,G
1204,2022-10-15 08:00:00,11.0,G
1205,2022-10-15 09:00:00,11.5,G
1206,2022-10-15 10:00:00,12.3,G
1207,2022-10-15 11:00:00,12.5,G
1208,2022-10-15 12:00:00,13.0,G
1209,2022-10-15 13:00:00,13.5,G
1210,2022-10-15 14:00:00,14.0,G
1211,2022-10-15 15:00:00,14.7,G
1212,2022-10-15 16:00:00,14.9,G
1213,2022-10-15 17:00:00,14.5,G
1214,2022-10-15 18:00:00,13.8,G
1215,2022-10-15 19:00:00,13.4,G
1216,2022-10-15 20:00:00,12.8,G
1217,2022-10-15 21:00:00,12.3,G
1218,2022-10-15 22:00:00,11.7,G
1219,2022-10-15 23:00:00,11.6,G
1220,2022-10-16 00:00:00,10.8,G
1221,2022-10-16 01:00:00,10.9,G
1222,2022-10-16 02:00:00,10.8,G
1223,2022-10-16 03:00:00,10.9,G
1224,2022-10-16 04:00:00,10.7,G
1225,2022-10-16 05:00:00,11.0,G
1226,2022-10-16 06:00:00,11.2,G
1227,2022-10-16 07:00:00,11.8,G
1228,2022-10-16 08:00:00,10.1,G
1229,2022-10-16 09:00:00,11.7,G
1230,2022-10-16 10:00:00,13.5,G
1231,2022-10-16 11:00:00,14.1,G
1232,2022-10-16 12:00:00,14.6,G
1233,2022-10-16 13:00:00,14.9,G
1234,2022-10-16 14:00:00,15.4,G
1235,2022-10-16 15:00:00,15.7,G
1236,2022-10-16 16:00:00,15.4,G
1237,2022-10-16 17:00:00,14.4,G
1238,2022-10-16 18:00:00,10.2,G
1239,2022-10-16 19:00:00,9.7,G
1240,2022-10-16 20:00:00,9.8,G
1241,2022-10-16 21:00:00,9.3,G
1242,2022-10-16 22:00:00,10.0,G
1243,2022-10-16 23:00:00,11.1,G
1244,2022-10-17 00:00:00,10.9,G
1245,2022-10-17 01:00:00,10.6,G
1246,2022-10-17 02:00:00,9.9,G
1247,2022-10-17 03:00:00,9.8,G
1248,2022-10-17 04:00:00,9.9,G
1249,2022-10-17 05:00:00,9.8,G
1250,2022-10-17 06:00:00,9.7,G
1251,2022-10-17 07:00:00,9.5,G
1252,2022-10-17 08:00:00,8.8,G
1253,2022-10-17 09:00:00,9.1,G
1254,2022-10-17 10:00:00,10.5,G
1255,2022-10-17 11:00:00,11.1,G
1256,2022-10-17 12:00:00,12.1,G
1257,2022-10-17 13:00:00,12.7,G
1258,2022-10-17 14:00:00,12.9,G
1259,2022-10-17 15:00:00,12.6,G
1260,2022-10-17 16:00:00,12.0,G
1261,2022-10-17 17:00:00,10.8,G
1262,2022-10-17 18:00:00,9.8,G
1263,2022-10-17 19:00:00,10.1,G
1264,2022-10-17 20:00:00,10.1,G
1265,2022-10-17 21:00:00,10.3,G
1266,2022-10-17 22:00:00,10.5,G
1267,2022-10-17 23:00:00,10.5,G
1268,2022-10-18 00:00:00,10.8,G
1269,2022-10-18 01:00:00,12.1,G
1270,2022-10-18 02:00:00,12.5,G
1271,2022-10-18 03:00:00,13.0,G
1272,2022-10-18 04:00:00,12.0,G
1273,2022-10-18 05:00:00,11.6,G
1274,2022-10-18 06:00:00,10.8,G
1275,2022-10-18 07:00:00,10.5,G
1276,2022-10-18 08:00:00,9.7,G
1277,2022-10-18 09:00:00,9.8,G
1278,2022-10-18 10:00:00,11.4,G
1279,2022-10-18 11:00:00,12.4,G
1280,2022-10-18 12:00:00,12.1,G
1281,2022-10-18 13:00:00,11.7,G
1282,2022-10-18 14:00:00,12.3,G
1283,2022-10-18 15:00:00,13.2,G
1284,2022-10-18 16:00:00,12.7,G
1285,2022-10-18 17:00:00,12.1,G
1286,2022-10-18 18:00:00,10.0,G
1287,2022-10-18 19:00:00,9.9,G
1288,2022-10-18 20:00:00,10.1,G
1289,2022-10-18 21:00:00,8.8,G
1290,2022-10-18 22:00:00,8.5,G
1291,2022-10-18 23:00:00,7.9,G
1292,2022-10-19 00:00:00,6.5,G
1293,2022-10-19 01:00:00,6.2,G
1294,2022-10-19 02:00:00,5.4,G
1295,2022-10-19 03:00:00,4.5,G
1296,2022-10-19 04:00:00,4.0,G
1297,2022-10-19 05:00:00,3.7,G
1298,2022-10-19 06:00:00,3.1,G
1299,2022-10-19 07:00:00,2.8,G
1300,2022-10-19 08:00:00,2.5,G
1301,2022-10-19 09:00:00,3.9,G
1302,2022-10-19 10:00:00,5.3,G
1303,2022-10-19 11:00:00,6.5,G
1304,2022-10-19 12:00:00,7.4,G
1305,2022-10-19 13:00:00,8.2,G
1306,2022-10-19 14:00:00,8.6,G
1307,2022-10-19 15:00:00,8.9,G
1308,2022-10-19 16:00:00,8.7,G
1309,2022-10-19 17:00:00,8.0,G
1310,2022-10-19 18:00:00,5.3,G
1311,2022-10-19 19:00:00,3.1,G
1312,2022-10-19 20:00:00,2.6,G
1313,2022-10-19 21:00:00,2.3,G
1314,2022-10-19 22:00:00,2.1,G
1315,2022-10-19 23:00:00,2.8,G
1316,2022-10-20 00:00:00,1.9,G
1317,2022-10-20 01:00:00,1.8,G
1318,2022-10-20 02:00:00,1.1,G
1319,2022-10-20 03:00:00,0.1,G
1320,2022-10-20 04:00:00,1.1,G
1321,2022-10-20 05:00:00,1.3,G
1322,2022-10-20 06:00:00,2.7,G
1323,2022-10-20 07:00:00,1.8,G
1324,2022-10-20 08:00:00,2.1,G
1325,2022-10-20 09:00:00,4.1,G
1326,2022-10-20 10:00:00,6.7,G
1327,2022-10-20 11:00:00,8.8,G
1328,2022-10-20 12:00:00,10.3,G
1329,2022-10-20 13:00:00,11.4,G
1330,2022-10-20 14:00:00,10.9,G
1331,2022-10-20 15:00:00,11.8,G
1332,2022-10-20 16:00:00,10.4,G
1333,2022-10-20 17:00:00,9.1,G
1334,2022-10-20 18:00:00,6.1,G
1335,2022-10-20 19:00:00,3.5,G
1336,2022-10-20 20:00:00,2.4,G
1337,2022-10-20 21:00:00,0.9,G
1338,2022-10-20 22:00:00,0.3,G
1339,2022-10-20 23:00:00,-0.4,G
1340,2022-10-21 00:00:00,-1.2,G
1341,2022-10-21 01:00:00,-0.9,G
1342,2022-10-21 02:00:00,-1.1,G
1343,2022-10-21 03:00:00,-0.8,G
1344,2022-10-21 04:00:00,-0.5,G
1345,2022-10-21 05:00:00,0.1,G
1346,2022-10-21 06:00:00,0.4,G
1347,2022-10-21 07:00:00,1.4,G
1348,2022-10-21 08:00:00,1.7,G
1349,2022-10-21 09:00:00,2.5,G
1350,2022-10-21 10:00:00,4.0,G
1351,2022-10-21 11:00:00,7.1,G
1352,2022-10-21 12:00:00,9.5,G
1353,2022-10-21 13:00:00,10.4,G
1354,2022-10-21 14:00:00,10.3,G
1355,2022-10-21 15:00:00,10.3,G
1356,2022-10-21 16:00:00,10.1,G
1357,2022-10-21 17:00:00,9.7,G
1358,2022-10-21 18:00:00,8.9,G
1359,2022-10-21 19:00:00,8.9,G
1360,2022-10-21 20:00:00,8.8,G
1361,2022-10-21 21:00:00,8.9,G
1362,2022-10-21 22:00:00,8.5,G
1363,2022-10-21 23:00:00,8.6,G
1364,2022-10-22 00:00:00,8.6,G
1365,2022-10-22 01:00:00,9.0,G
1366,2022-10-22 02:00:00,8.3,G
1367,2022-10-22 03:00:00,8.4,G
1368,2022-10-22 04:00:00,8.2,G
1369,2022-10-22 05:00:00,8.2,G
1370,2022-10-22 06:00:00,8.1,G
1371,2022-10-22 07:00:00,8.7,G
1372,2022-10-22 08:00:00,9.4,G
1373,2022-10-22 09:00:00,9.6,G
1374,2022-10-22 10:00:00,9.8,G
1375,2022-10-22 11:00:00,10.1,G
1376,2022-10-22 12:00:00,10.6,G
1377,2022-10-22 13:00:00,10.7,G
1378,2022-10-22 14:00:00,10.9,G
1379,2022-10-22 15:00:00,10.9,G
1380,2022-10-22 16:00:00,10.7,G
1381,2022-10-22 17:00:00,10.4,G
1382,2022-10-22 18:00:00,10.0,G
1383,2022-10-22 19:00:00,9.7,G
1384,2022-10-22 20:00:00,9.5,G
1385,2022-10-22 21:00:00,9.2,G
1386,2022-10-22 22:00:00,9.1,G
1387,2022-10-22 23:00:00,9.1,G
1388,2022-10-23 00:00:00,9.1,G
1389,2022-10-23 01:00:00,9.1,G
1390,2022-10-23 02:00:00,8.9,G
1391,2022-10-23 03:00:00,8.5,G
1392,2022-10-23 04:00:00,8.0,G
1393,2022-10-23 05:00:00,8.2,G
1394,2022-10-23 06:00:00,8.6,G
1395,2022-10-23 07:00:00,8.5,G
1396,2022-10-23 08:00:00,8.3,G
1397,2022-10-23 09:00:00,8.5,G
1398,2022-10-23 10:00:00,9.0,G
1399,2022-10-23 11:00:00,9.4,G
1400,2022-10-23 12:00:00,10.0,G
1401,2022-10-23 13:00:00,10.8,G
1402,2022-10-23 14:00:00,10.7,G
1403,2022-10-23 15:00:00,10.6,G
1404,2022-10-23 16:00:00,10.2,G
1405,2022-10-23 17:00:00,10.1,G
1406,2022-10-23 18:00:00,10.1,G
1407,2022-10-23 19:00:00,9.7,G
1408,2022-10-23 20:00:00,9.8,G
1409,2022-10-23 21:00:00,9.3,G
1410,2022-10-23 22:00:00,8.7,G
1411,2022-10-23 23:00:00,8.5,G
1412,2022-10-24 00:00:00,8.6,G
1413,2022-10-24 01:00:00,8.8,G
1414,2022-10-24 02:00:00,9.0,G
1415,2022-10-24 03:00:00,9.0,G
1416,2022-10-24 04:00:00,8.9,G
1417,2022-10-24 05:00:00,8.8,G
1418,2022-10-24 06:00:00,7.9,G
1419,2022-10-24 07:00:00,7.5,G
1420,2022-10-24 08:00:00,7.2,G
1421,2022-10-24 09:00:00,9.6,G
1422,2022-10-24 10:00:00,10.4,G
1423,2022-10-24 11:00:00,10.6,G
1424,2022-10-24 12:00:00,11.0,G
1425,2022-10-24 13:00:00,11.1,G
1426,2022-10-24 14:00:00,11.2,G
1427,2022-10-24 15:00:00,11.0,G
1428,2022-10-24 16:00:00,11.2,G
1429,2022-10-24 17:00:00,11.5,G
1430,2022-10-24 18:00:00,11.6,G
1431,2022-10-24 19:00:00,11.7,G
1432,2022-10-24 20:00:00,11.9,G
1433,2022-10-24 21:00:00,12.2,G
1434,2022-10-24 22:00:00,12.1,G
1435,2022-10-24 23:00:00,12.1,G
1436,2022-10-25 00:00:00,12.1,G
1437,2022-10-25 01:00:00,12.0,G
1438,2022-10-25 02:00:00,12.1,G
1439,2022-10-25 03:00:00,12.3,G
1440,2022-10-25 04:00:00,11.9,G
1441,2022-10-25 05:00:00,11.6,G
1442,2022-10-25 06:00:00,11.3,G
1443,2022-10-25 07:00:00,11.0,G
1444,2022-10-25 08:00:00,10.5,G
1445,2022-10-25 09:00:00,11.2,G
1446,2022-10-25 10:00:00,12.0,G
1447,2022-10-25 11:00:00,12.9,G
1448,2022-10-25 12:00:00,13.5,G
1449,2022-10-25 13:00:00,14.1,G
1450,2022-10-25 14:00:00,14.5,G
1451,2022-10-25 15:00:00,14.6,G
1452,2022-10-25 16:00:00,14.3,G
1453,2022-10-25 17:00:00,13.4,G
1454,2022-10-25 18:00:00,12.3,G
1455,2022-10-25 19:00:00,12.3,G
1456,2022-10-25 20:00:00,11.7,G
1457,2022-10-25 21:00:00,10.6,G
1458,2022-10-25 22:00:00,10.5,G
1459,2022-10-25 23:00:00,10.7,G
1460,2022-10-26 00:00:00,10.8,G
1461,2022-10-26 01:00:00,11.5,G
1462,2022-10-26 02:00:00,11.4,G
1463,2022-10-26 03:00:00,11.3,G
1464,2022-10-26 04:00:00,11.4,G
1465,2022-10-26 05:00:00,11.2,G
1466,2022-10-26 06:00:00,11.3,G
1467,2022-10-26 07:00:00,11.7,G
1468,2022-10-26 08:00:00,11.7,G
1469,2022-10-26 09:00:00,11.7,G
1470,2022-10-26 10:00:00,12.0,G
1471,2022-10-26 11:00:00,12.2,G
1472,2022-10-26 12:00:00,12.7,G
1473,2022-10-26 13:00:00,12.9,G
1474,2022-10-26 14:00:00,12.8,G
1475,2022-10-26 15:00:00,12.6,G
1476,2022-10-26 16:00:00,12.6,G
1477,2022-10-26 17:00:00,12.4,G
1478,2022-10-26 18:00:00,12.3,G
1479,2022-10-26 19:00:00,11.7,G
1480,2022-10-26 20:00:00,11.7,G
1481,2022-10-26 21:00:00,10.9,G
1482,2022-10-26 22:00:00,10.9,G
1483,2022-10-26 23:00:00,9.8,G
1484,2022-10-27 00:00:00,7.7,G
1485,2022-10-27 01:00:00,6.5,G
1486,2022-10-27 02:00:00,5.5,G
1487,2022-10-27 03:00:00,6.0,G
1488,2022-10-27 04:00:00,6.8,G
1489,2022-10-27 05:00:00,7.4,G
1490,2022-10-27 06:00:00,8.0,G
1491,2022-10-27 07:00:00,8.6,G
1492,2022-10-27 08:00:00,8.7,G
1493,2022-10-27 09:00:00,10.2,G
1494,2022-10-27 10:00:00,11.9,G
1495,2022-10-27 11:00:00,13.2,G
1496,2022-10-27 12:00:00,15.0,G
1497,2022-10-27 13:00:00,16.2,G
1498,2022-10-27 14:00:00,16.2,G
1499,2022-10-27 15:00:00,16.0,G
1500,2022-10-27 16:00:00,15.1,G
1501,2022-10-27 17:00:00,14.0,G
1502,2022-10-27 18:00:00,12.9,G
1503,2022-10-27 19:00:00,12.6,G
1504,2022-10-27 20:00:00,12.8,G
1505,2022-10-27 21:00:00,12.1,G
1506,2022-10-27 22:00:00,9.9,G
1507,2022-10-27 23:00:00,8.7,G
1508,2022-10-28 00:00:00,7.6,G
1509,2022-10-28 01:00:00,10.0,G
1510,2022-10-28 02:00:00,10.4,G
1511,2022-10-28 03:00:00,11.0,G
1512,2022-10-28 04:00:00,11.0,G
1513,2022-10-28 05:00:00,10.5,G
1514,2022-10-28 06:00:00,10.8,G
1515,2022-10-28 07:00:00,10.1,G
1516,2022-10-28 08:00:00,11.1,G
1517,2022-10-28 09:00:00,11.4,G
1518,2022-10-28 10:00:00,11.9,G
1519,2022-10-28 11:00:00,12.5,G
1520,2022-10-28 12:00:00,13.1,G
1521,2022-10-28 13:00:00,13.9,G
1522,2022-10-28 14:00:00,15.1,G
1523,2022-10-28 15:00:00,16.0,G
1524,2022-10-28 16:00:00,15.8,G
1525,2022-10-28 17:00:00,15.7,G
1526,2022-10-28 18:00:00,15.1,G
1527,2022-10-28 19:00:00,14.9,G
1528,2022-10-28 20:00:00,14.4,G
1529,2022-10-28 21:00:00,14.3,G
1530,2022-10-28 22:00:00,13.6,G
1531,2022-10-28 23:00:00,12.6,G
1532,2022-10-29 00:00:00,13.0,G
1533,2022-10-29 01:00:00,13.0,G
1534,2022-10-29 02:00:00,12.8,G
1535,2022-10-29 03:00:00,12.7,G
1536,2022-10-29 04:00:00,13.3,G
1537,2022-10-29 05:00:00,14.4,G
1538,2022-10-29 06:00:00,15.3,G
1539,2022-10-29 07:00:00,15.0,G
1540,2022-10-29 08:00:00,13.1,G
1541,2022-10-29 09:00:00,12.3,G
1542,2022-10-29 10:00:00,12.5,G
1543,2022-10-29 11:00:00,13.0,G
1544,2022-10-29 12:00:00,13.6,G
1545,2022-10-29 13:00:00,13.7,G
1546,2022-10-29 14:00:00,14.6,G
1547,2022-10-29 15:00:00,15.2,G
1548,2022-10-29 16:00:00,14.9,G
1549,2022-10-29 17:00:00,13.9,G
1550,2022-10-29 18:00:00,13.3,G
1551,2022-10-29 19:00:00,12.9,G
1552,2022-10-29 20:00:00,12.5,G
1553,2022-10-29 21:00:00,12.3,G
1554,2022-10-29 22:00:00,11.8,G
1555,2022-10-29 23:00:00,11.2,G
1556,2022-10-30 00:00:00,10.6,G
1557,2022-10-30 01:00:00,10.2,G
1558,2022-10-30 02:00:00,9.8,G
1559,2022-10-30 02:00:00,9.1,G
1560,2022-10-30 03:00:00,8.3,G
1561,2022-10-30 04:00:00,7.4,G
1562,2022-10-30 05:00:00,7.4,G
1563,2022-10-30 06:00:00,8.2,G
1564,2022-10-30 07:00:00,7.5,G
1565,2022-10-30 08:00:00,7.1,G
1566,2022-10-30 09:00:00,8.8,G
1567,2022-10-30 10:00:00,9.8,G
1568,2022-10-30 11:00:00,10.0,G
1569,2022-10-30 12:00:00,9.9,G
1570,2022-10-30 13:00:00,10.0,G
1571,2022-10-30 14:00:00,10.0,G
1572,2022-10-30 15:00:00,9.9,G
1573,2022-10-30 16:00:00,9.6,G
1574,2022-10-30 17:00:00,7.3,G
1575,2022-10-30 18:00:00,7.0,G
1576,2022-10-30 19:00:00,7.5,G
1577,2022-10-30 20:00:00,6.4,G
1578,2022-10-30 21:00:00,5.2,G
1579,2022-10-30 22:00:00,4.3,G
1580,2022-10-30 23:00:00,4.5,G
1581,2022-10-31 00:00:00,5.7,G
1582,2022-10-31 01:00:00,7.0,G
1583,2022-10-31 02:00:00,6.8,G
1584,2022-10-31 03:00:00,7.3,G
1585,2022-10-31 04:00:00,7.6,G
1586,2022-10-31 05:00:00,8.1,G
1587,2022-10-31 06:00:00,8.4,G
1588,2022-10-31 07:00:00,9.3,G
1589,2022-10-31 08:00:00,9.9,G
1590,2022-10-31 09:00:00,10.7,G
1591,2022-10-31 10:00:00,11.7,G
1592,2022-10-31 11:00:00,12.7,G
1593,2022-10-31 12:00:00,12.9,G
1594,2022-10-31 13:00:00,13.7,G
1595,2022-10-31 14:00:00,13.9,G
1596,2022-10-31 15:00:00,14.1,G
1597,2022-10-31 16:00:00,11.4,G
1598,2022-10-31 17:00:00,9.3,G
1599,2022-10-31 18:00:00,8.1,G
1600,2022-10-31 19:00:00,8.2,G
1601,2022-10-31 20:00:00,8.1,G
1602,2022-10-31 21:00:00,8.8,G
1603,2022-10-31 22:00:00,9.0,G
1604,2022-10-31 23:00:00,9.2,G
1605,2022-11-01 00:00:00,9.1,G
1606,2022-11-01 01:00:00,9.0,G
1607,2022-11-01 02:00:00,8.8,G
1608,2022-11-01 03:00:00,8.4,G
1609,2022-11-01 04:00:00,7.9,G
1610,2022-11-01 05:00:00,7.6,G
1611,2022-11-01 06:00:00,6.8,G
1612,2022-11-01 07:00:00,6.4,G
1613,2022-11-01 08:00:00,6.2,G
1614,2022-11-01 09:00:00,6.2,G
1615,2022-11-01 10:00:00,6.7,G
1616,2022-11-01 11:00:00,7.4,G
1617,2022-11-01 12:00:00,7.7,G
1618,2022-11-01 13:00:00,8.0,G
1619,2022-11-01 14:00:00,8.7,G
1620,2022-11-01 15:00:00,9.1,G
1621,2022-11-01 16:00:00,9.3,G
1622,2022-11-01 17:00:00,9.8,G
1623,2022-11-01 18:00:00,10.2,G
1624,2022-11-01 19:00:00,10.4,G
1625,2022-11-01 20:00:00,10.4,G
1626,2022-11-01 21:00:00,10.5,G
1627,2022-11-01 22:00:00,10.6,G
1628,2022-11-01 23:00:00,9.8,G
1629,2022-11-02 00:00:00,8.1,G
1630,2022-11-02 01:00:00,7.8,G
1631,2022-11-02 02:00:00,7.0,G
1632,2022-11-02 03:00:00,8.3,G
1633,2022-11-02 04:00:00,9.0,G
1634,2022-11-02 05:00:00,8.2,G
1635,2022-11-02 06:00:00,7.8,G
1636,2022-11-02 07:00:00,8.2,G
1637,2022-11-02 08:00:00,6.3,G
1638,2022-11-02 09:00:00,8.3,G
1639,2022-11-02 10:00:00,10.5,G
1640,2022-11-02 11:00:00,11.3,G
1641,2022-11-02 12:00:00,12.0,G
1642,2022-11-02 13:00:00,11.9,G
1643,2022-11-02 14:00:00,12.1,G
1644,2022-11-02 15:00:00,11.7,G
1645,2022-11-02 16:00:00,11.0,G
1646,2022-11-02 17:00:00,10.2,G
1647,2022-11-02 18:00:00,9.3,G
1648,2022-11-02 19:00:00,8.1,G
1649,2022-11-02 20:00:00,6.3,G
1650,2022-11-02 21:00:00,6.2,G
1651,2022-11-02 22:00:00,6.8,G
1652,2022-11-02 23:00:00,5.4,G
1653,2022-11-03 00:00:00,4.9,G
1654,2022-11-03 01:00:00,3.9,G
1655,2022-11-03 02:00:00,4.9,G
1656,2022-11-03 03:00:00,4.4,G
1657,2022-11-03 04:00:00,4.0,G
1658,2022-11-03 05:00:00,2.1,G
1659,2022-11-03 06:00:00,1.2,G
1660,2022-11-03 07:00:00,2.2,G
1661,2022-11-03 08:00:00,2.9,G
1662,2022-11-03 09:00:00,5.9,G
1663,2022-11-03 10:00:00,6.4,G
1664,2022-11-03 11:00:00,7.6,G
1665,2022-11-03 12:00:00,8.8,G
1666,2022-11-03 13:00:00,9.4,G
1667,2022-11-03 14:00:00,9.6,G
1668,2022-11-03 15:00:00,9.5,G
1669,2022-11-03 16:00:00,9.2,G
1670,2022-11-03 17:00:00,8.5,G
1671,2022-11-03 18:00:00,8.7,G
1672,2022-11-03 19:00:00,7.8,G
1673,2022-11-03 20:00:00,7.2,G
1674,2022-11-03 21:00:00,7.2,G
1675,2022-11-03 22:00:00,7.2,G
1676,2022-11-03 23:00:00,7.3,G
1677,2022-11-04 00:00:00,7.4,G
1678,2022-11-04 01:00:00,5.6,G
1679,2022-11-04 02:00:00,5.1,G
1680,2022-11-04 03:00:00,5.5,G
1681,2022-11-04 04:00:00,5.5,G
1682,2022-11-04 05:00:00,6.7,G
1683,2022-11-04 06:00:00,8.0,G
1684,2022-11-04 07:00:00,8.2,G
1685,2022-11-04 08:00:00,8.8,G
1686,2022-11-04 09:00:00,9.9,G
1687,2022-11-04 10:00:00,10.3,G
1688,2022-11-04 11:00:00,10.5,G
1689,2022-11-04 12:00:00,10.6,G
1690,2022-11-04 13:00:00,10.7,G
1691,2022-11-04 14:00:00,10.5,G
1692,2022-11-04 15:00:00,10.4,G
1693,2022-11-04 16:00:00,10.4,G
1694,2022-11-04 17:00:00,10.4,G
1695,2022-11-04 18:00:00,10.5,G
1696,2022-11-04 19:00:00,10.6,G
1697,2022-11-04 20:00:00,10.5,G
1698,2022-11-04 21:00:00,10.4,G
1699,2022-11-04 22:00:00,10.4,G
1700,2022-11-04 23:00:00,10.1,G
1701,2022-11-05 00:00:00,10.1,G
1702,2022-11-05 01:00:00,9.8,G
1703,2022-11-05 02:00:00,9.8,G
1704,2022-11-05 03:00:00,9.9,G
1705,2022-11-05 04:00:00,9.7,G
1706,2022-11-05 05:00:00,9.4,G
1707,2022-11-05 06:00:00,8.8,G
1708,2022-11-05 07:00:00,8.7,G
1709,2022-11-05 08:00:00,8.7,G
1710,2022-11-05 09:00:00,8.6,G
1711,2022-11-05 10:00:00,9.0,G
1712,2022-11-05 11:00:00,9.4,G
1713,2022-11-05 12:00:00,9.6,G
1714,2022-11-05 13:00:00,9.8,G
1715,2022-11-05 14:00:00,9.7,G
1716,2022-11-05 15:00:00,9.6,G
1717,2022-11-05 16:00:00,8.8,G
1718,2022-11-05 17:00:00,6.7,G
1719,2022-11-05 18:00:00,6.8,G
1720,2022-11-05 19:00:00,6.6,G
1721,2022-11-05 20:00:00,6.2,G
1722,2022-11-05 21:00:00,6.1,G
1723,2022-11-05 22:00:00,5.6,G
1724,2022-11-05 23:00:00,5.6,G
1725,2022-11-06 00:00:00,6.1,G
1726,2022-11-06 01:00:00,6.2,G
1727,2022-11-06 02:00:00,6.2,G
1728,2022-11-06 03:00:00,5.4,G
1729,2022-11-06 04:00:00,4.8,G
1730,2022-11-06 05:00:00,4.5,G
1731,2022-11-06 06:00:00,5.4,G
1732,2022-11-06 07:00:00,5.9,G
1733,2022-11-06 08:00:00,7.2,G
1734,2022-11-06 09:00:00,7.9,G
1735,2022-11-06 10:00:00,8.5,G
1736,2022-11-06 11:00:00,8.5,G
1737,2022-11-06 12:00:00,9.3,G
1738,2022-11-06 13:00:00,9.6,G
1739,2022-11-06 14:00:00,10.1,G
1740,2022-11-06 15:00:00,10.2,G
1741,2022-11-06 16:00:00,10.0,G
1742,2022-11-06 17:00:00,9.8,G
1743,2022-11-06 18:00:00,9.7,G
1744,2022-11-06 19:00:00,9.6,G
1745,2022-11-06 20:00:00,9.7,G
1746,2022-11-06 21:00:00,9.5,G
1747,2022-11-06 22:00:00,9.6,G
1748,2022-11-06 23:00:00,9.5,G
1749,2022-11-07 00:00:00,9.8,G
1750,2022-11-07 01:00:00,9.7,G
1751,2022-11-07 02:00:00,9.7,G
1752,2022-11-07 03:00:00,9.7,G
1753,2022-11-07 04:00:00,9.5,G
1754,2022-11-07 05:00:00,9.0,G
1755,2022-11-07 06:00:00,8.7,G
1756,2022-11-07 07:00:00,8.9,G
1757,2022-11-07 08:00:00,9.1,G
1758,2022-11-07 09:00:00,9.4,G
1759,2022-11-07 10:00:00,9.7,G
1760,2022-11-07 11:00:00,10.0,G
1761,2022-11-07 12:00:00,10.4,G
1762,2022-11-07 13:00:00,10.6,G
1763,2022-11-07 14:00:00,11.5,G
1764,2022-11-07 15:00:00,11.1,G
1765,2022-11-07 16:00:00,10.6,G
1766,2022-11-07 17:00:00,10.4,G
1767,2022-11-07 18:00:00,10.8,G
1768,2022-11-07 19:00:00,10.8,G
1769,2022-11-07 20:00:00,10.6,G
1770,2022-11-07 21:00:00,10.5,G
1771,2022-11-07 22:00:00,10.5,G
1772,2022-11-07 23:00:00,10.7,G
1773,2022-11-08 00:00:00,10.5,G
1774,2022-11-08 01:00:00,10.7,G
1775,2022-11-08 02:00:00,10.4,G
1776,2022-11-08 03:00:00,9.8,G
1777,2022-11-08 04:00:00,9.3,G
1778,2022-11-08 05:00:00,9.7,G
1779,2022-11-08 06:00:00,9.9,G
1780,2022-11-08 07:00:00,9.7,G
1781,2022-11-08 08:00:00,9.7,G
1782,2022-11-08 09:00:00,10.1,G
1783,2022-11-08 10:00:00,11.0,G
1784,2022-11-08 11:00:00,11.6,G
1785,2022-11-08 12:00:00,12.2,G
1786,2022-11-08 13:00:00,13.3,G
1787,2022-11-08 14:00:00,13.3,G
1788,2022-11-08 15:00:00,13.1,G
1789,2022-11-08 16:00:00,12.7,G
1790,2022-11-08 17:00:00,12.0,G
1791,2022-11-08 18:00:00,12.1,G
1792,2022-11-08 19:00:00,11.7,G
1793,2022-11-08 20:00:00,11.1,G
1794,2022-11-08 21:00:00,10.9,G
1795,2022-11-08 22:00:00,10.3,G
1796,2022-11-08 23:00:00,10.3,G
1797,2022-11-09 00:00:00,10.0,G
1798,2022-11-09 01:00:00,10.0,G
1799,2022-11-09 02:00:00,9.8,G
1800,2022-11-09 03:00:00,9.9,G
1801,2022-11-09 04:00:00,9.3,G
1802,2022-11-09 05:00:00,9.3,G
1803,2022-11-09 06:00:00,8.9,G
1804,2022-11-09 07:00:00,9.2,G
1805,2022-11-09 08:00:00,9.2,G
1806,2022-11-09 09:00:00,9.4,G
1807,2022-11-09 10:00:00,9.9,G
1808,2022-11-09 11:00:00,10.8,G
1809,2022-11-09 12:00:00,12.0,G
1810,2022-11-09 13:00:00,12.2,G
1811,2022-11-09 14:00:00,12.5,G
1812,2022-11-09 15:00:00,12.3,G
1813,2022-11-09 16:00:00,11.4,G
1814,2022-11-09 17:00:00,10.2,G
1815,2022-11-09 18:00:00,9.8,G
1816,2022-11-09 19:00:00,10.3,G
1817,2022-11-09 20:00:00,10.5,G
1818,2022-11-09 21:00:00,9.8,G
1819,2022-11-09 22:00:00,9.0,G
1820,2022-11-09 23:00:00,8.8,G
1821,2022-11-10 00:00:00,8.4,G
1822,2022-11-10 01:00:00,8.7,G
1823,2022-11-10 02:00:00,7.7,G
1824,2022-11-10 03:00:00,7.4,G
1825,2022-11-10 04:00:00,5.5,G
1826,2022-11-10 05:00:00,5.8,G
1827,2022-11-10 06:00:00,6.9,G
1828,2022-11-10 07:00:00,7.4,G
1829,2022-11-10 08:00:00,8.0,G
1830,2022-11-10 09:00:00,9.2,G
1831,2022-11-10 10:00:00,10.6,G
1832,2022-11-10 11:00:00,11.2,G
1833,2022-11-10 12:00:00,11.4,G
1834,2022-11-10 13:00:00,11.6,G
1835,2022-11-10 14:00:00,11.8,G
1836,2022-11-10 15:00:00,10.7,G
1837,2022-11-10 16:00:00,9.6,G
1838,2022-11-10 17:00:00,8.8,G
1839,2022-11-10 18:00:00,9.7,G
1840,2022-11-10 19:00:00,9.6,G
1841,2022-11-10 20:00:00,10.0,G
1842,2022-11-10 21:00:00,10.7,G
1843,2022-11-10 22:00:00,11.4,G
1844,2022-11-10 23:00:00,11.7,G
1845,2022-11-11 00:00:00,12.1,G
1846,2022-11-11 01:00:00,12.4,G
1847,2022-11-11 02:00:00,13.0,G
1848,2022-11-11 03:00:00,13.3,G
1849,2022-11-11 04:00:00,13.7,G
1850,2022-11-11 05:00:00,13.7,G
1851,2022-11-11 06:00:00,13.9,G
1852,2022-11-11 07:00:00,13.9,G
1853,2022-11-11 08:00:00,14.1,G
1854,2022-11-11 09:00:00,14.4,G
1855,2022-11-11 10:00:00,14.5,G
1856,2022-11-11 11:00:00,14.5,G
1857,2022-11-11 12:00:00,14.8,G
1858,2022-11-11 13:00:00,14.7,G
1859,2022-11-11 14:00:00,14.7,G
1860,2022-11-11 15:00:00,14.7,G
1861,2022-11-11 16:00:00,14.6,G
1862,2022-11-11 17:00:00,14.6,G
1863,2022-11-11 18:00:00,14.5,G
1864,2022-11-11 19:00:00,14.5,G
1865,2022-11-11 20:00:00,14.2,G
1866,2022-11-11 21:00:00,14.0,G
1867,2022-11-11 22:00:00,14.1,G
1868,2022-11-11 23:00:00,14.3,G
1869,2022-11-12 00:00:00,14.3,G
1870,2022-11-12 01:00:00,14.3,G
1871,2022-11-12 02:00:00,14.4,G
1872,2022-11-12 03:00:00,14.4,G
1873,2022-11-12 04:00:00,14.7,G
1874,2022-11-12 05:00:00,15.0,G
1875,2022-11-12 06:00:00,15.0,G
1876,2022-11-12 07:00:00,14.7,G
1877,2022-11-12 08:00:00,14.5,G
1878,2022-11-12 09:00:00,14.3,G
1879,2022-11-12 10:00:00,15.6,G
1880,2022-11-12 11:00:00,15.9,G
1881,2022-11-12 12:00:00,16.5,G
1882,2022-11-12 13:00:00,16.5,G
1883,2022-11-12 14:00:00,15.9,G
1884,2022-11-12 15:00:00,15.0,G
1885,2022-11-12 16:00:00,13.4,G
1886,2022-11-12 17:00:00,12.5,G
1887,2022-11-12 18:00:00,11.2,G
1888,2022-11-12 19:00:00,9.1,G
1889,2022-11-12 20:00:00,6.5,G
1890,2022-11-12 21:00:00,9.7,G
1891,2022-11-12 22:00:00,8.5,G
1892,2022-11-12 23:00:00,7.3,G
1893,2022-11-13 00:00:00,6.5,G
1894,2022-11-13 01:00:00,6.7,G
1895,2022-11-13 02:00:00,6.7,G
1896,2022-11-13 03:00:00,6.7,G
1897,2022-11-13 04:00:00,6.6,G
1898,2022-11-13 05:00:00,6.7,G
1899,2022-11-13 06:00:00,6.6,G
1900,2022-11-13 07:00:00,6.6,G
1901,2022-11-13 08:00:00,6.4,G
1902,2022-11-13 09:00:00,6.4,G
1903,2022-11-13 10:00:00,6.3,G
1904,2022-11-13 11:00:00,6.2,G
1905,2022-11-13 12:00:00,6.4,G
1906,2022-11-13 13:00:00,6.5,G
1907,2022-11-13 14:00:00,6.5,G
1908,2022-11-13 15:00:00,6.6,G
1909,2022-11-13 16:00:00,6.6,G
1910,2022-11-13 17:00:00,6.6,G
1911,2022-11-13 18:00:00,6.7,G
1912,2022-11-13 19:00:00,6.7,G
1913,2022-11-13 20:00:00,6.8,G
1914,2022-11-13 21:00:00,6.8,G
1915,2022-11-13 22:00:00,6.8,G
1916,2022-11-13 23:00:00,6.8,G
1917,2022-11-14 00:00:00,6.8,G
1918,2022-11-14 01:00:00,7.0,G
1919,2022-11-14 02:00:00,7.0,G
1920,2022-11-14 03:00:00,6.8,G
1921,2022-11-14 04:00:00,6.9,G
1922,2022-11-14 05:00:00,7.0,G
1923,2022-11-14 06:00:00,7.1,G
1924,2022-11-14 07:00:00,7.1,G
1925,2022-11-14 08:00:00,7.2,G
1926,2022-11-14 09:00:00,7.5,G
1927,2022-11-14 10:00:00,7.8,G
1928,2022-11-14 11:00:00,8.2,G
1929,2022-11-14 12:00:00,8.6,G
1930,2022-11-14 13:00:00,9.0,G
1931,2022-11-14 14:00:00,9.3,G
1932,2022-11-14 15:00:00,9.2,G
1933,2022-11-14 16:00:00,9.0,G
1934,2022-11-14 17:00:00,8.8,G
1935,2022-11-14 18:00:00,8.5,G
1936,2022-11-14 19:00:00,8.4,G
1937,2022-11-14 20:00:00,8.2,G
1938,2022-11-14 21:00:00,8.0,G
1939,2022-11-14 22:00:00,7.8,G
1940,2022-11-14 23:00:00,7.9,G
1941,2022-11-15 00:00:00,7.7,G
1942,2022-11-15 01:00:00,7.8,G
1943,2022-11-15 02:00:00,7.9,G
1944,2022-11-15 03:00:00,8.0,G
1945,2022-11-15 04:00:00,8.0,G
1946,2022-11-15 05:00:00,8.0,G
1947,2022-11-15 06:00:00,8.1,G
1948,2022-11-15 07:00:00,7.9,G
1949,2022-11-15 08:00:00,7.4,G
1950,2022-11-15 09:00:00,7.5,G
1951,2022-11-15 10:00:00,7.1,G
1952,2022-11-15 11:00:00,7.1,G
1953,2022-11-15 12:00:00,7.0,G
1954,2022-11-15 13:00:00,7.7,G
1955,2022-11-15 14:00:00,7.7,G
1956,2022-11-15 15:00:00,7.5,G
1957,2022-11-15 16:00:00,7.5,G
1958,2022-11-15 17:00:00,7.0,G
1959,2022-11-15 18:00:00,7.1,G
1960,2022-11-15 19:00:00,7.0,G
1961,2022-11-15 20:00:00,6.9,G
1962,2022-11-15 21:00:00,7.0,G
1963,2022-11-15 22:00:00,7.1,G
1964,2022-11-15 23:00:00,6.9,G
1965,2022-11-16 00:00:00,7.2,G
1966,2022-11-16 01:00:00,7.1,G
1967,2022-11-16 02:00:00,7.0,G
1968,2022-11-16 03:00:00,5.6,G
1969,2022-11-16 04:00:00,5.5,G
1970,2022-11-16 05:00:00,6.0,G
1971,2022-11-16 06:00:00,6.5,G
1972,2022-11-16 07:00:00,6.5,G
1973,2022-11-16 08:00:00,6.6,G
1974,2022-11-16 09:00:00,6.5,G
1975,2022-11-16 10:00:00,6.6,G
1976,2022-11-16 11:00:00,6.4,G
1977,2022-11-16 12:00:00,6.4,G
1978,2022-11-16 13:00:00,6.4,G
1979,2022-11-16 14:00:00,6.3,G
1980,2022-11-16 15:00:00,6.0,G
1981,2022-11-16 16:00:00,5.6,G
1982,2022-11-16 17:00:00,5.0,G
1983,2022-11-16 18:00:00,4.7,G
1984,2022-11-16 19:00:00,4.5,G
1985,2022-11-16 20:00:00,4.3,G
1986,2022-11-16 21:00:00,4.2,G
1987,2022-11-16 22:00:00,4.7,G
1988,2022-11-16 23:00:00,4.6,G
1989,2022-11-17 00:00:00,4.7,G
1990,2022-11-17 01:00:00,4.8,G
1991,2022-11-17 02:00:00,4.9,G
1992,2022-11-17 03:00:00,3.7,G
1993,2022-11-17 04:00:00,3.9,G
1994,2022-11-17 05:00:00,3.2,G
1995,2022-11-17 06:00:00,3.1,G
1996,2022-11-17 07:00:00,3.8,G
1997,2022-11-17 08:00:00,3.2,G
1998,2022-11-17 09:00:00,3.9,G
1999,2022-11-17 10:00:00,4.2,G
2000,2022-11-17 11:00:00,4.2,G
2001,2022-11-17 12:00:00,4.2,G
2002,2022-11-17 13:00:00,4.4,G
2003,2022-11-17 14:00:00,4.2,G
2004,2022-11-17 15:00:00,4.1,G
2005,2022-11-17 16:00:00,3.5,G
2006,2022-11-17 17:00:00,3.4,G
2007,2022-11-17 18:00:00,3.6,G
2008,2022-11-17 19:00:00,3.7,G
2009,2022-11-17 20:00:00,3.7,G
2010,2022-11-17 21:00:00,3.3,G
2011,2022-11-17 22:00:00,3.6,G
2012,2022-11-17 23:00:00,3.7,G
2013,2022-11-18 00:00:00,3.4,G
2014,2022-11-18 01:00:00,3.7,G
2015,2022-11-18 02:00:00,4.6,G
2016,2022-11-18 03:00:00,4.3,G
2017,2022-11-18 04:00:00,4.5,G
2018,2022-11-18 05:00:00,4.7,G
2019,2022-11-18 06:00:00,4.3,G
2020,2022-11-18 07:00:00,3.8,G
2021,2022-11-18 08:00:00,3.9,G
2022,2022-11-18 09:00:00,3.9,G
2023,2022-11-18 10:00:00,3.1,G
2024,2022-11-18 11:00:00,4.0,G
2025,2022-11-18 12:00:00,3.9,G
2026,2022-11-18 13:00:00,2.9,G
2027,2022-11-18 14:00:00,3.6,G
2028,2022-11-18 15:00:00,3.4,G
2029,2022-11-18 16:00:00,3.7,G
2030,2022-11-18 17:00:00,1.1,G
2031,2022-11-18 18:00:00,0.9,G
2032,2022-11-18 19:00:00,0.7,G
2033,2022-11-18 20:00:00,0.3,G
2034,2022-11-18 21:00:00,0.0,G
2035,2022-11-18 22:00:00,0.0,G
2036,2022-11-18 23:00:00,-0.0,G
2037,2022-11-19 00:00:00,-0.2,G
2038,2022-11-19 01:00:00,-0.2,G
2039,2022-11-19 02:00:00,-0.1,G
2040,2022-11-19 03:00:00,-0.1,G
2041,2022-11-19 04:00:00,-0.1,G
2042,2022-11-19 05:00:00,0.0,G
2043,2022-11-19 06:00:00,0.0,G
2044,2022-11-19 07:00:00,-0.2,G
2045,2022-11-19 08:00:00,-0.5,G
2046,2022-11-19 09:00:00,-0.6,G
2047,2022-11-19 10:00:00,-0.4,G
2048,2022-11-19 11:00:00,0.0,G
2049,2022-11-19 12:00:00,-0.3,G
2050,2022-11-19 13:00:00,0.0,G
2051,2022-11-19 14:00:00,0.0,G
2052,2022-11-19 15:00:00,0.1,G
2053,2022-11-19 16:00:00,0.0,G
2054,2022-11-19 17:00:00,-0.5,G
2055,2022-11-19 18:00:00,-1.4,G
2056,2022-11-19 19:00:00,-1.0,G
2057,2022-11-19 20:00:00,-1.3,G
2058,2022-11-19 21:00:00,-1.2,G
2059,2022-11-19 22:00:00,-1.3,G
2060,2022-11-19 23:00:00,-1.8,G
2061,2022-11-20 00:00:00,-1.7,G
2062,2022-11-20 01:00:00,-1.6,G
2063,2022-11-20 02:00:00,-1.7,G
2064,2022-11-20 03:00:00,-1.6,G
2065,2022-11-20 04:00:00,-1.6,G
2066,2022-11-20 05:00:00,-1.8,G
2067,2022-11-20 06:00:00,-1.7,G
2068,2022-11-20 07:00:00,-1.9,G
2069,2022-11-20 08:00:00,-2.0,G
2070,2022-11-20 09:00:00,-1.6,G
2071,2022-11-20 10:00:00,-1.3,G
2072,2022-11-20 11:00:00,-1.5,G
2073,2022-11-20 12:00:00,-1.4,G
2074,2022-11-20 13:00:00,-1.3,G
2075,2022-11-20 14:00:00,-1.0,G
2076,2022-11-20 15:00:00,-0.8,G
2077,2022-11-20 16:00:00,-0.7,G
2078,2022-11-20 17:00:00,-0.4,G
2079,2022-11-20 18:00:00,-0.4,G
2080,2022-11-20 19:00:00,-0.4,G
2081,2022-11-20 20:00:00,-0.5,G
2082,2022-11-20 21:00:00,-0.6,G
2083,2022-11-20 22:00:00,-0.7,G
2084,2022-11-20 23:00:00,-1.0,G
2085,2022-11-21 00:00:00,-1.4,G
2086,2022-11-21 01:00:00,-2.0,G
2087,2022-11-21 02:00:00,-3.3,G
2088,2022-11-21 03:00:00,-5.4,G
2089,2022-11-21 04:00:00,-6.4,G
2090,2022-11-21 05:00:00,-8.0,G
2091,2022-11-21 06:00:00,-8.5,G
2092,2022-11-21 07:00:00,-9.0,G
2093,2022-11-21 08:00:00,-8.2,G
2094,2022-11-21 09:00:00,-6.1,G
2095,2022-11-21 10:00:00,-4.0,G
2096,2022-11-21 11:00:00,-2.3,G
2097,2022-11-21 12:00:00,0.0,G
2098,2022-11-21 13:00:00,0.0,G
2099,2022-11-21 14:00:00,0.0,G
2100,2022-11-21 15:00:00,-0.1,G
2101,2022-11-21 16:00:00,0.0,G
2102,2022-11-21 17:00:00,0.1,G
2103,2022-11-21 18:00:00,0.1,G
2104,2022-11-21 19:00:00,0.2,G
2105,2022-11-21 20:00:00,0.1,G
2106,2022-11-21 21:00:00,-0.5,G
2107,2022-11-21 22:00:00,-1.5,G
2108,2022-11-21 23:00:00,-1.4,G
2109,2022-11-22 00:00:00,-1.6,G
2110,2022-11-22 01:00:00,0.8,G
2111,2022-11-22 02:00:00,0.6,G
2112,2022-11-22 03:00:00,0.4,G
2113,2022-11-22 04:00:00,0.4,G
2114,2022-11-22 05:00:00,-0.1,G
2115,2022-11-22 06:00:00,-1.4,G
2116,2022-11-22 07:00:00,-2.8,G
2117,2022-11-22 08:00:00,-3.5,G
2118,2022-11-22 09:00:00,-4.1,G
2119,2022-11-22 10:00:00,-2.8,G
2120,2022-11-22 11:00:00,-2.2,G
2121,2022-11-22 12:00:00,-0.2,G
2122,2022-11-22 13:00:00,0.2,G
2123,2022-11-22 14:00:00,1.0,G
2124,2022-11-22 15:00:00,0.3,G
2125,2022-11-22 16:00:00,1.5,G
2126,2022-11-22 17:00:00,1.8,G
2127,2022-11-22 18:00:00,1.8,G
2128,2022-11-22 19:00:00,1.9,G
2129,2022-11-22 20:00:00,1.9,G
2130,2022-11-22 21:00:00,1.9,G
2131,2022-11-22 22:00:00,2.1,G
2132,2022-11-22 23:00:00,2.4,G
2133,2022-11-23 00:00:00,2.8,G
2134,2022-11-23 01:00:00,3.0,G
2135,2022-11-23 02:00:00,2.8,G
2136,2022-11-23 03:00:00,3.2,G
2137,2022-11-23 04:00:00,3.1,G
2138,2022-11-23 05:00:00,2.4,G
2139,2022-11-23 06:00:00,2.6,G
2140,2022-11-23 07:00:00,2.6,G
2141,2022-11-23 08:00:00,2.4,G
2142,2022-11-23 09:00:00,2.6,G
2143,2022-11-23 10:00:00,2.2,G
2144,2022-11-23 11:00:00,2.2,G
2145,2022-11-23 12:00:00,2.2,G
2146,2022-11-23 13:00:00,2.0,G
2147,2022-11-23 14:00:00,1.9,G
2148,2022-11-23 15:00:00,1.9,G
2149,2022-11-23 16:00:00,1.7,G
2150,2022-11-23 17:00:00,1.8,G
2151,2022-11-23 18:00:00,1.7,G
2152,2022-11-23 19:00:00,1.9,G
2153,2022-11-23 20:00:00,1.6,G
2154,2022-11-23 21:00:00,1.9,G
2155,2022-11-23 22:00:00,2.0,G
2156,2022-11-23 23:00:00,2.3,G
2157,2022-11-24 00:00:00,2.2,G
2158,2022-11-24 01:00:00,2.4,G
2159,2022-11-24 02:00:00,2.2,G
2160,2022-11-24 03:00:00,1.8,G
2161,2022-11-24 04:00:00,1.8,G
2162,2022-11-24 05:00:00,2.1,G
2163,2022-11-24 06:00:00,1.9,G
2164,2022-11-24 07:00:00,2.4,G
2165,2022-11-24 08:00:00,2.5,G
2166,2022-11-24 09:00:00,2.3,G
2167,2022-11-24 10:00:00,2.4,G
2168,2022-11-24 11:00:00,2.4,G
2169,2022-11-24 12:00:00,2.3,G
2170,2022-11-24 13:00:00,2.4,G
2171,2022-11-24 14:00:00,2.4,G
2172,2022-11-24 15:00:00,2.6,G
2173,2022-11-24 16:00:00,2.4,G
2174,2022-11-24 17:00:00,2.4,G
2175,2022-11-24 18:00:00,2.3,G
2176,2022-11-24 19:00:00,1.3,G
2177,2022-11-24 20:00:00,2.0,G
2178,2022-11-24 21:00:00,1.3,G
2179,2022-11-24 22:00:00,1.7,G
2180,2022-11-24 23:00:00,1.0,G
2181,2022-11-25 00:00:00,1.0,G
2182,2022-11-25 01:00:00,0.9,G
2183,2022-11-25 02:00:00,1.0,G
2184,2022-11-25 03:00:00,1.3,G
2185,2022-11-25 04:00:00,1.1,G
2186,2022-11-25 05:00:00,1.1,G
2187,2022-11-25 06:00:00,0.9,G
2188,2022-11-25 07:00:00,0.7,G
2189,2022-11-25 08:00:00,1.2,G
2190,2022-11-25 09:00:00,1.2,G
2191,2022-11-25 10:00:00,1.7,G
2192,2022-11-25 11:00:00,1.9,G
2193,2022-11-25 12:00:00,2.2,G
2194,2022-11-25 13:00:00,2.6,G
2195,2022-11-25 14:00:00,2.4,G
2196,2022-11-25 15:00:00,2.4,G
2197,2022-11-25 16:00:00,2.3,G
2198,2022-11-25 17:00:00,2.1,G
2199,2022-11-25 18:00:00,2.2,G
2200,2022-11-25 19:00:00,2.4,G
2201,2022-11-25 20:00:00,2.6,G
2202,2022-11-25 21:00:00,2.2,G
2203,2022-11-25 22:00:00,2.0,G
2204,2022-11-25 23:00:00,2.3,G
2205,2022-11-26 00:00:00,2.3,G
2206,2022-11-26 01:00:00,2.3,G
2207,2022-11-26 02:00:00,2.1,G
2208,2022-11-26 03:00:00,2.1,G
2209,2022-11-26 04:00:00,2.0,G
2210,2022-11-26 05:00:00,1.4,G
2211,2022-11-26 06:00:00,1.1,G
2212,2022-11-26 07:00:00,1.1,G
2213,2022-11-26 08:00:00,1.3,G
2214,2022-11-26 09:00:00,1.4,G
2215,2022-11-26 10:00:00,1.7,G
2216,2022-11-26 11:00:00,1.9,G
2217,2022-11-26 12:00:00,1.9,G
2218,2022-11-26 13:00:00,1.9,G
2219,2022-11-26 14:00:00,2.2,G
2220,2022-11-26 15:00:00,2.3,G
2221,2022-11-26 16:00:00,1.7,G
2222,2022-11-26 17:00:00,1.0,G
2223,2022-11-26 18:00:00,0.7,G
2224,2022-11-26 19:00:00,0.6,G
2225,2022-11-26 20:00:00,0.8,G
2226,2022-11-26 21:00:00,0.9,G
2227,2022-11-26 22:00:00,1.2,G
2228,2022-11-26 23:00:00,1.3,G
2229,2022-11-27 00:00:00,1.0,G
2230,2022-11-27 01:00:00,0.5,G
2231,2022-11-27 02:00:00,0.1,G
2232,2022-11-27 03:00:00,-0.1,G
2233,2022-11-27 04:00:00,-0.3,G
2234,2022-11-27 05:00:00,-0.3,G
2235,2022-11-27 06:00:00,-0.3,G
2236,2022-11-27 07:00:00,-0.5,G
2237,2022-11-27 08:00:00,-0.4,G
2238,2022-11-27 09:00:00,-0.4,G
2239,2022-11-27 10:00:00,-0.3,G
2240,2022-11-27 11:00:00,0.0,G
2241,2022-11-27 12:00:00,0.2,G
2242,2022-11-27 13:00:00,0.5,G
2243,2022-11-27 14:00:00,0.5,G
2244,2022-11-27 15:00:00,0.4,G
2245,2022-11-27 16:00:00,0.4,G
2246,2022-11-27 17:00:00,0.3,G
2247,2022-11-27 18:00:00,0.3,G
2248,2022-11-27 19:00:00,0.4,G
2249,2022-11-27 20:00:00,0.4,G
2250,2022-11-27 21:00:00,0.6,G
2251,2022-11-27 22:00:00,0.2,G
2252,2022-11-27 23:00:00,0.4,G
2253,2022-11-28 00:00:00,0.5,G
2254,2022-11-28 01:00:00,0.5,G
2255,2022-11-28 02:00:00,0.6,G
2256,2022-11-28 03:00:00,0.4,G
2257,2022-11-28 04:00:00,0.5,G
2258,2022-11-28 05:00:00,0.4,G
2259,2022-11-28 06:00:00,0.5,G
2260,2022-11-28 07:00:00,0.7,G
2261,2022-11-28 08:00:00,0.5,G
2262,2022-11-28 09:00:00,0.1,G
2263,2022-11-28 10:00:00,2.0,G
2264,2022-11-28 11:00:00,2.5,G
2265,2022-11-28 12:00:00,4.2,G
2266,2022-11-28 13:00:00,4.0,G
2267,2022-11-28 14:00:00,4.4,G
2268,2022-11-28 15:00:00,3.9,G
2269,2022-11-28 16:00:00,3.7,G
2270,2022-11-28 17:00:00,2.2,G
2271,2022-11-28 18:00:00,1.9,G
2272,2022-11-28 19:00:00,3.5,G
2273,2022-11-28 20:00:00,3.7,G
2274,2022-11-28 21:00:00,3.7,G
2275,2022-11-28 22:00:00,3.6,G
2276,2022-11-28 23:00:00,3.6,G
2277,2022-11-29 00:00:00,3.7,G
2278,2022-11-29 01:00:00,3.4,G
2279,2022-11-29 02:00:00,3.2,G
2280,2022-11-29 03:00:00,3.2,G
2281,2022-11-29 04:00:00,3.1,G
2282,2022-11-29 05:00:00,3.4,G
2283,2022-11-29 06:00:00,3.4,G
2284,2022-11-29 07:00:00,3.4,G
2285,2022-11-29 08:00:00,3.1,G
2286,2022-11-29 09:00:00,2.6,G
2287,2022-11-29 10:00:00,2.4,G
2288,2022-11-29 11:00:00,2.7,G
2289,2022-11-29 12:00:00,3.5,G
2290,2022-11-29 13:00:00,3.8,G
2291,2022-11-29 14:00:00,3.8,G
2292,2022-11-29 15:00:00,3.2,G
2293,2022-11-29 16:00:00,2.8,G
2294,2022-11-29 17:00:00,2.2,G
2295,2022-11-29 18:00:00,1.9,G
2296,2022-11-29 19:00:00,2.5,G
2297,2022-11-29 20:00:00,1.9,G
2298,2022-11-29 21:00:00,1.9,G
2299,2022-11-29 22:00:00,2.0,G
2300,2022-11-29 23:00:00,1.8,G
2301,2022-11-30 00:00:00,1.9,G
2302,2022-11-30 01:00:00,1.7,G
2303,2022-11-30 02:00:00,1.7,G
2304,2022-11-30 03:00:00,1.9,G
2305,2022-11-30 04:00:00,1.6,G
2306,2022-11-30 05:00:00,1.6,G
2307,2022-11-30 06:00:00,2.0,G
2308,2022-11-30 07:00:00,1.6,G
2309,2022-11-30 08:00:00,1.4,G
2310,2022-11-30 09:00:00,1.4,G
2311,2022-11-30 10:00:00,1.9,G
2312,2022-11-30 11:00:00,2.2,G
2313,2022-11-30 12:00:00,2.8,G
2314,2022-11-30 13:00:00,2.9,G
2315,2022-11-30 14:00:00,3.1,G
2316,2022-11-30 15:00:00,2.2,G
2317,2022-11-30 16:00:00,1.2,G
2318,2022-11-30 17:00:00,1.2,G
2319,2022-11-30 18:00:00,1.2,G
2320,2022-11-30 19:00:00,0.7,G
2321,2022-11-30 20:00:00,1.4,G
2322,2022-11-30 21:00:00,1.3,G
2323,2022-11-30 22:00:00,1.3,G
2324,2022-11-30 23:00:00,1.6,G
2325,2022-12-01 00:00:00,1.5,G
2326,2022-12-01 01:00:00,1.7,G
2327,2022-12-01 02:00:00,1.7,G
2328,2022-12-01 03:00:00,2.0,G
2329,2022-12-01 04:00:00,1.7,G
2330,2022-12-01 05:00:00,1.9,G
2331,2022-12-01 06:00:00,2.1,G
2332,2022-12-01 07:00:00,2.3,G
2333,2022-12-01 08:00:00,2.4,G
2334,2022-12-01 09:00:00,2.3,G
2335,2022-12-01 10:00:00,2.7,G
2336,2022-12-01 11:00:00,2.8,G
2337,2022-12-01 12:00:00,3.0,G
2338,2022-12-01 13:00:00,3.5,G
2339,2022-12-01 14:00:00,3.7,G
2340,2022-12-01 15:00:00,3.3,G
2341,2022-12-01 16:00:00,2.8,G
2342,2022-12-01 17:00:00,3.1,G
2343,2022-12-01 18:00:00,2.7,G
2344,2022-12-01 19:00:00,2.4,G
2345,2022-12-01 20:00:00,2.7,G
2346,2022-12-01 21:00:00,2.7,G
2347,2022-12-01 22:00:00,2.5,G
2348,2022-12-01 23:00:00,2.4,G
2349,2022-12-02 00:00:00,2.6,G
2350,2022-12-02 01:00:00,2.7,G
2351,2022-12-02 02:00:00,2.6,G
2352,2022-12-02 03:00:00,2.7,G
2353,2022-12-02 04:00:00,2.7,G
2354,2022-12-02 05:00:00,2.5,G
2355,2022-12-02 06:00:00,2.2,G
2356,2022-12-02 07:00:00,2.1,G
2357,2022-12-02 08:00:00,1.9,G
2358,2022-12-02 09:00:00,2.2,G
2359,2022-12-02 10:00:00,2.5,G
2360,2022-12-02 11:00:00,2.6,G
2361,2022-12-02 12:00:00,2.8,G
2362,2022-12-02 13:00:00,2.6,G
2363,2022-12-02 14:00:00,1.9,G
2364,2022-12-02 15:00:00,1.8,G
2365,2022-12-02 16:00:00,1.5,G
2366,2022-12-02 17:00:00,1.4,G
2367,2022-12-02 18:00:00,1.5,G
2368,2022-12-02 19:00:00,1.4,G
2369,2022-12-02 20:00:00,1.2,G
2370,2022-12-02 21:00:00,1.0,G
2371,2022-12-02 22:00:00,1.0,G
2372,2022-12-02 23:00:00,1.1,G
2373,2022-12-03 00:00:00,1.3,G
2374,2022-12-03 01:00:00,1.2,G
2375,2022-12-03 02:00:00,1.2,G
2376,2022-12-03 03:00:00,1.3,G
2377,2022-12-03 04:00:00,1.3,G
2378,2022-12-03 05:00:00,1.1,G
2379,2022-12-03 06:00:00,1.1,G
2380,2022-12-03 07:00:00,0.6,G
2381,2022-12-03 08:00:00,0.3,G
2382,2022-12-03 09:00:00,0.0,G
2383,2022-12-03 10:00:00,0.2,G
2384,2022-12-03 11:00:00,0.1,G
2385,2022-12-03 12:00:00,0.0,G
2386,2022-12-03 13:00:00,0.0,G
2387,2022-12-03 14:00:00,0.1,G
2388,2022-12-03 15:00:00,0.1,G
2389,2022-12-03 16:00:00,-0.1,G
2390,2022-12-03 17:00:00,-0.0,G
2391,2022-12-03 18:00:00,0.3,G
2392,2022-12-03 19:00:00,-0.1,G
2393,2022-12-03 20:00:00,-0.4,G
2394,2022-12-03 21:00:00,-1.3,G
2395,2022-12-03 22:00:00,-1.5,G
2396,2022-12-03 23:00:00,-1.6,G
2397,2022-12-04 00:00:00,-1.2,G
2398,2022-12-04 01:00:00,-1.0,G
2399,2022-12-04 02:00:00,-0.6,G
2400,2022-12-04 03:00:00,1.3,G
2401,2022-12-04 04:00:00,1.8,G
2402,2022-12-04 05:00:00,1.8,G
2403,2022-12-04 06:00:00,1.6,G
2404,2022-12-04 07:00:00,1.6,G
2405,2022-12-04 08:00:00,1.6,G
2406,2022-12-04 09:00:00,1.8,G
2407,2022-12-04 10:00:00,1.7,G
2408,2022-12-04 11:00:00,1.4,G
2409,2022-12-04 12:00:00,1.4,G
2410,2022-12-04 13:00:00,1.4,G
2411,2022-12-04 14:00:00,1.1,G
2412,2022-12-04 15:00:00,0.6,G
2413,2022-12-04 16:00:00,1.5,G
2414,2022-12-04 17:00:00,1.9,G
2415,2022-12-04 18:00:00,1.6,G
2416,2022-12-04 19:00:00,2.2,G
2417,2022-12-04 20:00:00,1.2,G
2418,2022-12-04 21:00:00,2.6,G
2419,2022-12-04 22:00:00,2.9,G
2420,2022-12-04 23:00:00,3.1,G
2421,2022-12-05 00:00:00,3.0,G
2422,2022-12-05 01:00:00,3.2,G
2423,2022-12-05 02:00:00,3.2,G
2424,2022-12-05 03:00:00,2.8,G
2425,2022-12-05 04:00:00,2.3,G
2426,2022-12-05 05:00:00,2.2,G
2427,2022-12-05 06:00:00,2.2,G
2428,2022-12-05 07:00:00,2.1,G
2429,2022-12-05 08:00:00,1.4,G
2430,2022-12-05 09:00:00,1.6,G
2431,2022-12-05 10:00:00,2.4,G
2432,2022-12-05 11:00:00,2.5,G
2433,2022-12-05 12:00:00,2.5,G
2434,2022-12-05 13:00:00,2.7,G
2435,2022-12-05 14:00:00,1.8,G
2436,2022-12-05 15:00:00,1.8,G
2437,2022-12-05 16:00:00,1.7,G
2438,2022-12-05 17:00:00,1.8,G
2439,2022-12-05 18:00:00,1.8,G
2440,2022-12-05 19:00:00,1.3,G
2441,2022-12-05 20:00:00,0.9,G
2442,2022-12-05 21:00:00,0.4,G
2443,2022-12-05 22:00:00,0.4,G
2444,2022-12-05 23:00:00,0.3,G
2445,2022-12-06 00:00:00,0.2,G
2446,2022-12-06 01:00:00,-0.1,G
2447,2022-12-06 02:00:00,-0.4,G
2448,2022-12-06 03:00:00,-0.9,G
2449,2022-12-06 04:00:00,-1.1,G
2450,2022-12-06 05:00:00,-1.1,G
2451,2022-12-06 06:00:00,-1.1,G
2452,2022-12-06 07:00:00,-1.2,G
2453,2022-12-06 08:00:00,-1.1,G
2454,2022-12-06 09:00:00,-1.0,G
2455,2022-12-06 10:00:00,-0.9,G
2456,2022-12-06 11:00:00,-1.5,G
2457,2022-12-06 12:00:00,-1.7,G
2458,2022-12-06 13:00:00,-1.9,G
2459,2022-12-06 14:00:00,-2.1,G
2460,2022-12-06 15:00:00,-1.9,G
2461,2022-12-06 16:00:00,-1.9,G
2462,2022-12-06 17:00:00,-1.7,G
2463,2022-12-06 18:00:00,-1.8,G
2464,2022-12-06 19:00:00,-1.6,G
2465,2022-12-06 20:00:00,-1.5,G
2466,2022-12-06 21:00:00,-1.4,G
2467,2022-12-06 22:00:00,-1.6,G
2468,2022-12-06 23:00:00,-1.5,G
2469,2022-12-07 00:00:00,-1.9,G
2470,2022-12-07 01:00:00,-2.4,G
2471,2022-12-07 02:00:00,-2.7,G
2472,2022-12-07 03:00:00,-3.0,G
2473,2022-12-07 04:00:00,-3.2,G
2474,2022-12-07 05:00:00,-3.7,G
2475,2022-12-07 06:00:00,-3.6,G
2476,2022-12-07 07:00:00,-3.6,G
2477,2022-12-07 08:00:00,-3.7,G
2478,2022-12-07 09:00:00,-3.8,G
2479,2022-12-07 10:00:00,-3.1,G
2480,2022-12-07 11:00:00,-2.9,G
2481,2022-12-07 12:00:00,-2.7,G
2482,2022-12-07 13:00:00,-2.7,G
2483,2022-12-07 14:00:00,-2.8,G
2484,2022-12-07 15:00:00,-3.0,G
2485,2022-12-07 16:00:00,-3.2,G
2486,2022-12-07 17:00:00,-3.5,G
2487,2022-12-07 18:00:00,-3.8,G
2488,2022-12-07 19:00:00,-4.4,G
2489,2022-12-07 20:00:00,-4.5,G
2490,2022-12-07 21:00:00,-4.7,G
2491,2022-12-07 22:00:00,-5.0,G
2492,2022-12-07 23:00:00,-5.4,G
2493,2022-12-08 00:00:00,-5.9,G
2494,2022-12-08 01:00:00,-6.5,G
2495,2022-12-08 02:00:00,-7.1,G
2496,2022-12-08 03:00:00,-7.2,G
2497,2022-12-08 04:00:00,-7.0,G
2498,2022-12-08 05:00:00,-6.5,G
2499,2022-12-08 06:00:00,-6.1,G
2500,2022-12-08 07:00:00,-5.8,G
2501,2022-12-08 08:00:00,-6.4,G
2502,2022-12-08 09:00:00,-7.4,G
2503,2022-12-08 10:00:00,-5.6,G
2504,2022-12-08 11:00:00,-4.4,G
2505,2022-12-08 12:00:00,-4.1,G
2506,2022-12-08 13:00:00,-3.8,G
2507,2022-12-08 14:00:00,-4.1,G
2508,2022-12-08 15:00:00,-6.0,G
2509,2022-12-08 16:00:00,-7.6,G
2510,2022-12-08 17:00:00,-8.5,G
2511,2022-12-08 18:00:00,-8.6,G
2512,2022-12-08 19:00:00,-7.3,G
2513,2022-12-08 20:00:00,-7.5,G
2514,2022-12-08 21:00:00,-6.6,G
2515,2022-12-08 22:00:00,-6.3,G
2516,2022-12-08 23:00:00,-6.3,G
2517,2022-12-09 00:00:00,-5.7,G
2518,2022-12-09 01:00:00,-7.2,G
2519,2022-12-09 02:00:00,-7.3,G
2520,2022-12-09 03:00:00,-5.6,G
2521,2022-12-09 04:00:00,-4.7,G
2522,2022-12-09 05:00:00,-3.8,G
2523,2022-12-09 06:00:00,-3.2,G
2524,2022-12-09 07:00:00,-3.1,G
2525,2022-12-09 08:00:00,-3.1,G
2526,2022-12-09 09:00:00,-2.6,G
2527,2022-12-09 10:00:00,-2.1,G
2528,2022-12-09 11:00:00,-1.6,G
2529,2022-12-09 12:00:00,-1.3,G
2530,2022-12-09 13:00:00,-1.5,G
2531,2022-12-09 14:00:00,-1.4,G
2532,2022-12-09 15:00:00,-1.4,G
2533,2022-12-09 16:00:00,-1.5,G
2534,2022-12-09 17:00:00,-1.6,G
2535,2022-12-09 18:00:00,-2.0,G
2536,2022-12-09 19:00:00,-2.5,G
2537,2022-12-09 20:00:00,-2.9,G
2538,2022-12-09 21:00:00,-2.9,G
2539,2022-12-09 22:00:00,-2.9,G
2540,2022-12-09 23:00:00,-2.6,G
2541,2022-12-10 00:00:00,-3.0,G
2542,2022-12-10 01:00:00,-3.2,G
2543,2022-12-10 02:00:00,-3.9,G
2544,2022-12-10 03:00:00,-4.2,G
2545,2022-12-10 04:00:00,-4.8,G
2546,2022-12-10 05:00:00,-5.2,G
2547,2022-12-10 06:00:00,-5.8,G
2548,2022-12-10 07:00:00,-5.5,G
2549,2022-12-10 08:00:00,-4.9,G
2550,2022-12-10 09:00:00,-4.7,G
2551,2022-12-10 10:00:00,-4.5,G
2552,2022-12-10 11:00:00,-3.7,G
2553,2022-12-10 12:00:00,-3.6,G
2554,2022-12-10 13:00:00,-3.4,G
2555,2022-12-10 14:00:00,-3.9,G
2556,2022-12-10 15:00:00,-4.1,G
2557,2022-12-10 16:00:00,-4.2,G
2558,2022-12-10 17:00:00,-4.3,G
2559,2022-12-10 18:00:00,-4.7,G
2560,2022-12-10 19:00:00,-5.0,G
2561,2022-12-10 20:00:00,-5.0,G
2562,2022-12-10 21:00:00,-5.1,G
2563,2022-12-10 22:00:00,-5.1,G
2564,2022-12-10 23:00:00,-5.1,G
2565,2022-12-11 00:00:00,-5.2,G
2566,2022-12-11 01:00:00,-5.2,G
2567,2022-12-11 02:00:00,-5.3,G
2568,2022-12-11 03:00:00,-5.6,G
2569,2022-12-11 04:00:00,-5.9,G
2570,2022-12-11 05:00:00,-6.2,G
2571,2022-12-11 06:00:00,-6.2,G
2572,2022-12-11 07:00:00,-6.3,G
2573,2022-12-11 08:00:00,-6.2,G
2574,2022-12-11 09:00:00,-6.4,G
2575,2022-12-11 10:00:00,-5.9,G
2576,2022-12-11 11:00:00,-5.6,G
2577,2022-12-11 12:00:00,-5.4,G
2578,2022-12-11 13:00:00,-5.6,G
2579,2022-12-11 14:00:00,-5.9,G
2580,2022-12-11 15:00:00,-5.6,G
2581,2022-12-11 16:00:00,-5.4,G
2582,2022-12-11 17:00:00,-5.2,G
2583,2022-12-11 18:00:00,-5.7,G
2584,2022-12-11 19:00:00,-5.6,G
2585,2022-12-11 20:00:00,-5.6,G
2586,2022-12-11 21:00:00,-5.4,G
2587,2022-12-11 22:00:00,-5.0,G
2588,2022-12-11 23:00:00,-5.0,G
2589,2022-12-12 00:00:00,-5.2,G
2590,2022-12-12 01:00:00,-5.3,G
2591,2022-12-12 02:00:00,-5.2,G
2592,2022-12-12 03:00:00,-4.4,G
2593,2022-12-12 04:00:00,-4.2,G
2594,2022-12-12 05:00:00,-4.4,G
2595,2022-12-12 06:00:00,-4.0,G
2596,2022-12-12 07:00:00,-4.2,G
2597,2022-12-12 08:00:00,-4.2,G
2598,2022-12-12 09:00:00,-4.3,G
2599,2022-12-12 10:00:00,-4.5,G
2600,2022-12-12 11:00:00,-4.8,G
2601,2022-12-12 12:00:00,-4.5,G
2602,2022-12-12 13:00:00,-4.4,G
2603,2022-12-12 14:00:00,-4.5,G
2604,2022-12-12 15:00:00,-4.2,G
2605,2022-12-12 16:00:00,-4.1,G
2606,2022-12-12 17:00:00,-3.9,G
2607,2022-12-12 18:00:00,-3.8,G
2608,2022-12-12 19:00:00,-4.0,G
2609,2022-12-12 20:00:00,-4.0,G
2610,2022-12-12 21:00:00,-3.8,G
2611,2022-12-12 22:00:00,-3.7,G
2612,2022-12-12 23:00:00,-3.7,G
2613,2022-12-13 00:00:00,-3.7,G
2614,2022-12-13 01:00:00,-3.8,G
2615,2022-12-13 02:00:00,-3.9,G
2616,2022-12-13 03:00:00,-4.1,G
2617,2022-12-13 04:00:00,-4.3,G
2618,2022-12-13 05:00:00,-4.5,G
2619,2022-12-13 06:00:00,-5.1,G
2620,2022-12-13 07:00:00,-5.7,G
2621,2022-12-13 08:00:00,-6.0,G
2622,2022-12-13 09:00:00,-6.6,G
2623,2022-12-13 10:00:00,-6.7,G
2624,2022-12-13 11:00:00,-6.3,G
2625,2022-12-13 12:00:00,-5.8,G
2626,2022-12-13 13:00:00,-5.2,G
2627,2022-12-13 14:00:00,-5.8,G
2628,2022-12-13 15:00:00,-6.4,G
2629,2022-12-13 16:00:00,-7.0,G
2630,2022-12-13 17:00:00,-7.3,G
2631,2022-12-13 18:00:00,-7.1,G
2632,2022-12-13 19:00:00,-7.5,G
2633,2022-12-13 20:00:00,-8.2,G
2634,2022-12-13 21:00:00,-7.9,G
2635,2022-12-13 22:00:00,-8.1,G
2636,2022-12-13 23:00:00,-9.3,G
2637,2022-12-14 00:00:00,-10.1,G
2638,2022-12-14 01:00:00,-11.3,G
2639,2022-12-14 02:00:00,-11.7,G
2640,2022-12-14 03:00:00,-11.0,G
2641,2022-12-14 04:00:00,-9.6,G
2642,2022-12-14 05:00:00,-8.4,G
2643,2022-12-14 06:00:00,-7.6,G
2644,2022-12-14 07:00:00,-6.2,G
2645,2022-12-14 08:00:00,-5.8,G
2646,2022-12-14 09:00:00,-4.9,G
2647,2022-12-14 11:00:00,-0.3,G
2648,2022-12-14 12:00:00,0.0,G
2649,2022-12-14 13:00:00,0.3,G
2650,2022-12-14 14:00:00,0.2,G
2651,2022-12-14 15:00:00,0.0,G
2652,2022-12-14 16:00:00,-0.2,G
2653,2022-12-14 17:00:00,-0.9,G
2654,2022-12-14 18:00:00,-1.5,G
2655,2022-12-14 19:00:00,-1.6,G
2656,2022-12-14 20:00:00,-2.5,G
2657,2022-12-14 21:00:00,-3.1,G
2658,2022-12-14 22:00:00,-4.1,G
2659,2022-12-14 23:00:00,-4.7,G
2660,2022-12-15 00:00:00,-5.8,G
2661,2022-12-15 01:00:00,-7.3,G
2662,2022-12-15 02:00:00,-8.2,G
2663,2022-12-15 03:00:00,-7.8,G
2664,2022-12-15 04:00:00,-9.4,G
2665,2022-12-15 05:00:00,-9.7,G
2666,2022-12-15 06:00:00,-8.7,G
2667,2022-12-15 07:00:00,-7.9,G
2668,2022-12-15 08:00:00,-6.7,G
2669,2022-12-15 09:00:00,-5.4,G
2670,2022-12-15 10:00:00,-5.2,G
2671,2022-12-15 11:00:00,-5.2,G
2672,2022-12-15 12:00:00,-5.1,G
2673,2022-12-15 13:00:00,-5.1,G
2674,2022-12-15 14:00:00,-5.1,G
2675,2022-12-15 15:00:00,-5.5,G
2676,2022-12-15 16:00:00,-5.6,G
2677,2022-12-15 17:00:00,-5.6,G
2678,2022-12-15 18:00:00,-7.2,G
2679,2022-12-15 19:00:00,-7.1,G
2680,2022-12-15 20:00:00,-7.4,G
2681,2022-12-15 21:00:00,-7.4,G
2682,2022-12-15 22:00:00,-6.7,G
2683,2022-12-15 23:00:00,-6.5,G
2684,2022-12-16 00:00:00,-7.7,G
2685,2022-12-16 01:00:00,-10.4,G
2686,2022-12-16 02:00:00,-11.5,G
2687,2022-12-16 03:00:00,-12.0,G
2688,2022-12-16 04:00:00,-10.8,G
2689,2022-12-16 05:00:00,-11.6,G
2690,2022-12-16 06:00:00,-11.9,G
2691,2022-12-16 07:00:00,-13.0,G
2692,2022-12-16 08:00:00,-14.2,G
2693,2022-12-16 09:00:00,-12.2,G
2694,2022-12-16 10:00:00,-9.7,G
2695,2022-12-16 11:00:00,-8.0,G
2696,2022-12-16 12:00:00,-6.9,G
2697,2022-12-16 13:00:00,-6.4,G
2698,2022-12-16 14:00:00,-6.2,G
2699,2022-12-16 15:00:00,-6.1,G
2700,2022-12-16 16:00:00,-6.1,G
2701,2022-12-16 17:00:00,-6.0,G
2702,2022-12-16 18:00:00,-6.0,G
2703,2022-12-16 19:00:00,-6.2,G
2704,2022-12-16 20:00:00,-6.5,G
2705,2022-12-16 21:00:00,-6.8,G
2706,2022-12-16 22:00:00,-7.2,G
2707,2022-12-16 23:00:00,-7.4,G
2708,2022-12-17 00:00:00,-7.9,G
2709,2022-12-17 01:00:00,-8.3,G
2710,2022-12-17 02:00:00,-8.8,G
2711,2022-12-17 03:00:00,-9.8,G
2712,2022-12-17 04:00:00,-11.2,G
2713,2022-12-17 05:00:00,-13.0,G
2714,2022-12-17 06:00:00,-13.4,G
2715,2022-12-17 07:00:00,-14.5,G
2716,2022-12-17 08:00:00,-14.9,G
2717,2022-12-17 09:00:00,-15.0,G
2718,2022-12-17 10:00:00,-12.2,G
2719,2022-12-17 11:00:00,-9.0,G
2720,2022-12-17 12:00:00,-7.6,G
2721,2022-12-17 13:00:00,-5.7,G
2722,2022-12-17 14:00:00,-5.8,G
2723,2022-12-17 15:00:00,-6.0,G
2724,2022-12-17 16:00:00,-6.6,G
2725,2022-12-17 17:00:00,-7.7,G
2726,2022-12-17 18:00:00,-8.6,G
2727,2022-12-17 19:00:00,-9.7,G
2728,2022-12-17 20:00:00,-9.7,G
2729,2022-12-17 21:00:00,-5.6,G
2730,2022-12-17 22:00:00,-4.8,G
2731,2022-12-17 23:00:00,-4.5,G
2732,2022-12-18 00:00:00,-4.4,G
2733,2022-12-18 01:00:00,-3.8,G
2734,2022-12-18 02:00:00,-3.3,G
2735,2022-12-18 03:00:00,-2.3,G
2736,2022-12-18 04:00:00,-1.5,G
2737,2022-12-18 05:00:00,-1.3,G
2738,2022-12-18 06:00:00,-1.9,G
2739,2022-12-18 07:00:00,-1.9,G
2740,2022-12-18 08:00:00,-1.5,G
2741,2022-12-18 09:00:00,-0.9,G
2742,2022-12-18 10:00:00,0.2,G
2743,2022-12-18 11:00:00,0.6,G
2744,2022-12-18 12:00:00,0.8,G
2745,2022-12-18 13:00:00,1.0,G
2746,2022-12-18 14:00:00,1.3,G
2747,2022-12-18 15:00:00,1.6,G
2748,2022-12-18 16:00:00,1.7,G
2749,2022-12-18 17:00:00,1.7,G
2750,2022-12-18 18:00:00,1.6,G
2751,2022-12-18 19:00:00,1.5,G
2752,2022-12-18 20:00:00,1.3,G
2753,2022-12-18 21:00:00,1.2,G
2754,2022-12-18 22:00:00,1.2,G
2755,2022-12-18 23:00:00,0.8,G
2756,2022-12-19 00:00:00,-0.1,G
2757,2022-12-19 01:00:00,-1.1,G
2758,2022-12-19 02:00:00,-2.2,G
2759,2022-12-19 03:00:00,-2.7,G
2760,2022-12-19 04:00:00,-3.8,G
2761,2022-12-19 05:00:00,-3.7,G
2762,2022-12-19 06:00:00,-3.0,G
2763,2022-12-19 07:00:00,-3.2,G
2764,2022-12-19 08:00:00,-3.2,G
2765,2022-12-19 09:00:00,-3.4,G
2766,2022-12-19 10:00:00,-1.9,G
2767,2022-12-19 11:00:00,-0.5,G
2768,2022-12-19 12:00:00,0.2,G
2769,2022-12-19 13:00:00,0.6,G
2770,2022-12-19 14:00:00,0.7,G
2771,2022-12-19 15:00:00,0.7,G
2772,2022-12-19 16:00:00,0.5,G
2773,2022-12-19 17:00:00,0.4,G
2774,2022-12-19 18:00:00,0.5,G
2775,2022-12-19 19:00:00,0.7,G
2776,2022-12-19 20:00:00,0.8,G
2777,2022-12-19 21:00:00,0.9,G
2778,2022-12-19 22:00:00,1.0,G
2779,2022-12-19 23:00:00,1.1,G
2780,2022-12-20 00:00:00,1.1,G
2781,2022-12-20 01:00:00,1.1,G
2782,2022-12-20 02:00:00,1.0,G
2783,2022-12-20 03:00:00,1.1,G
2784,2022-12-20 04:00:00,1.1,G
2785,2022-12-20 05:00:00,1.2,G
2786,2022-12-20 06:00:00,1.6,G
2787,2022-12-20 07:00:00,1.7,G
2788,2022-12-20 08:00:00,2.0,G
2789,2022-12-20 09:00:00,2.9,G
2790,2022-12-20 10:00:00,3.5,G
2791,2022-12-20 11:00:00,3.9,G
2792,2022-12-20 12:00:00,4.6,G
2793,2022-12-20 13:00:00,4.7,G
2794,2022-12-20 14:00:00,4.6,G
2795,2022-12-20 15:00:00,4.7,G
2796,2022-12-20 16:00:00,4.7,G
2797,2022-12-20 17:00:00,4.6,G
2798,2022-12-20 18:00:00,4.7,G
2799,2022-12-20 19:00:00,4.7,G
2800,2022-12-20 20:00:00,4.7,G
2801,2022-12-20 21:00:00,5.0,G
2802,2022-12-20 22:00:00,5.8,G
2803,2022-12-20 23:00:00,6.0,G
2804,2022-12-21 00:00:00,6.2,G
2805,2022-12-21 01:00:00,6.3,G
2806,2022-12-21 02:00:00,6.3,G
2807,2022-12-21 03:00:00,5.9,G
2808,2022-12-21 04:00:00,5.3,G
2809,2022-12-21 05:00:00,4.5,G
2810,2022-12-21 06:00:00,4.3,G
2811,2022-12-21 07:00:00,3.4,G
2812,2022-12-21 08:00:00,3.8,G
2813,2022-12-21 09:00:00,3.9,G
2814,2022-12-21 10:00:00,4.3,G
2815,2022-12-21 11:00:00,5.0,G
2816,2022-12-21 12:00:00,5.2,G
2817,2022-12-21 13:00:00,5.3,G
2818,2022-12-21 14:00:00,4.7,G
2819,2022-12-21 15:00:00,4.0,G
2820,2022-12-21 16:00:00,4.1,G
2821,2022-12-21 17:00:00,4.1,G
2822,2022-12-21 18:00:00,3.5,G
2823,2022-12-21 19:00:00,3.5,G
2824,2022-12-21 20:00:00,3.2,G
2825,2022-12-21 21:00:00,2.8,G
2826,2022-12-21 22:00:00,2.7,G
2827,2022-12-21 23:00:00,3.1,G
2828,2022-12-22 00:00:00,3.1,G
2829,2022-12-22 01:00:00,3.1,G
2830,2022-12-22 02:00:00,3.1,G
2831,2022-12-22 03:00:00,3.0,G
2832,2022-12-22 04:00:00,3.1,G
2833,2022-12-22 05:00:00,2.5,G
2834,2022-12-22 06:00:00,2.3,G
2835,2022-12-22 07:00:00,2.4,G
2836,2022-12-22 08:00:00,2.4,G
2837,2022-12-22 09:00:00,2.4,G
2838,2022-12-22 10:00:00,3.2,G
2839,2022-12-22 11:00:00,4.2,G
2840,2022-12-22 12:00:00,5.0,G
2841,2022-12-22 13:00:00,4.9,G
2842,2022-12-22 14:00:00,4.8,G
2843,2022-12-22 15:00:00,4.3,G
2844,2022-12-22 16:00:00,2.9,G
2845,2022-12-22 17:00:00,2.7,G
2846,2022-12-22 18:00:00,2.2,G
2847,2022-12-22 19:00:00,1.9,G
2848,2022-12-22 20:00:00,1.8,G
2849,2022-12-22 21:00:00,2.9,G
2850,2022-12-22 22:00:00,3.3,G
2851,2022-12-22 23:00:00,3.4,G
2852,2022-12-23 00:00:00,3.5,G
2853,2022-12-23 01:00:00,3.7,G
2854,2022-12-23 02:00:00,2.9,G
2855,2022-12-23 03:00:00,2.5,G
2856,2022-12-23 04:00:00,4.4,G
2857,2022-12-23 05:00:00,4.2,G
2858,2022-12-23 06:00:00,3.9,G
2859,2022-12-23 07:00:00,3.4,G
2860,2022-12-23 08:00:00,2.9,G
2861,2022-12-23 09:00:00,1.9,G
2862,2022-12-23 10:00:00,1.4,G
2863,2022-12-23 11:00:00,0.5,G
2864,2022-12-23 12:00:00,0.5,G
2865,2022-12-23 13:00:00,0.2,G
2866,2022-12-23 14:00:00,0.1,G
2867,2022-12-23 15:00:00,-0.3,G
2868,2022-12-23 16:00:00,-0.4,G
2869,2022-12-23 17:00:00,-1.3,G
2870,2022-12-23 18:00:00,-1.8,G
2871,2022-12-23 19:00:00,-2.3,G
2872,2022-12-23 20:00:00,-3.1,G
2873,2022-12-23 21:00:00,-3.6,G
2874,2022-12-23 22:00:00,-4.0,G
2875,2022-12-23 23:00:00,-4.9,G
2876,2022-12-24 00:00:00,-4.8,G
2877,2022-12-24 01:00:00,-5.6,G
2878,2022-12-24 02:00:00,-6.3,G
2879,2022-12-24 03:00:00,-5.5,G
2880,2022-12-24 04:00:00,-6.5,G
2881,2022-12-24 05:00:00,-7.0,G
2882,2022-12-24 06:00:00,-6.2,G
2883,2022-12-24 07:00:00,-6.1,G
2884,2022-12-24 08:00:00,-5.7,G
2885,2022-12-24 09:00:00,-5.6,G
2886,2022-12-24 10:00:00,-5.4,G
2887,2022-12-24 11:00:00,-5.5,G
2888,2022-12-24 12:00:00,-5.6,G
2889,2022-12-24 13:00:00,-5.7,G
2890,2022-12-24 14:00:00,-5.8,G
2891,2022-12-24 15:00:00,-6.3,G
2892,2022-12-24 16:00:00,-7.1,G
2893,2022-12-24 17:00:00,-8.3,G
2894,2022-12-24 18:00:00,-8.4,G
2895,2022-12-24 19:00:00,-8.0,G
2896,2022-12-24 20:00:00,-7.6,G
2897,2022-12-24 21:00:00,-7.3,G
2898,2022-12-24 22:00:00,-6.8,G
2899,2022-12-24 23:00:00,-6.4,G
2900,2022-12-25 00:00:00,-6.4,G
2901,2022-12-25 01:00:00,-6.4,G
2902,2022-12-25 02:00:00,-6.6,G
2903,2022-12-25 03:00:00,-6.3,G
2904,2022-12-25 04:00:00,-5.9,G
2905,2022-12-25 05:00:00,-5.6,G
2906,2022-12-25 06:00:00,-5.5,G
2907,2022-12-25 07:00:00,-6.7,G
2908,2022-12-25 08:00:00,-6.6,G
2909,2022-12-25 09:00:00,-5.4,G
2910,2022-12-25 10:00:00,-4.6,G
2911,2022-12-25 11:00:00,-4.3,G
2912,2022-12-25 12:00:00,-3.3,G
2913,2022-12-25 13:00:00,-3.1,G
2914,2022-12-25 14:00:00,-2.8,G
2915,2022-12-25 15:00:00,-2.4,G
2916,2022-12-25 16:00:00,-1.7,G
2917,2022-12-25 17:00:00,0.4,G
2918,2022-12-25 18:00:00,1.9,G
2919,2022-12-25 19:00:00,2.2,G
2920,2022-12-25 20:00:00,2.4,G
2921,2022-12-25 21:00:00,2.4,G
2922,2022-12-25 22:00:00,2.6,G
2923,2022-12-25 23:00:00,2.8,G
2924,2022-12-26 00:00:00,3.0,G
2925,2022-12-26 01:00:00,3.0,G
2926,2022-12-26 02:00:00,3.3,G
2927,2022-12-26 03:00:00,3.3,G
2928,2022-12-26 04:00:00,3.2,G
2929,2022-12-26 05:00:00,3.0,G
2930,2022-12-26 06:00:00,3.0,G
2931,2022-12-26 07:00:00,3.3,G
2932,2022-12-26 08:00:00,3.9,G
2933,2022-12-26 09:00:00,4.1,G
2934,2022-12-26 10:00:00,4.1,G
2935,2022-12-26 11:00:00,3.8,G
2936,2022-12-26 12:00:00,3.8,G
2937,2022-12-26 13:00:00,3.7,G
2938,2022-12-26 14:00:00,3.6,G
2939,2022-12-26 15:00:00,3.2,G
2940,2022-12-26 16:00:00,3.0,G
2941,2022-12-26 17:00:00,2.8,G
2942,2022-12-26 18:00:00,2.5,G
2943,2022-12-26 19:00:00,2.3,G
2944,2022-12-26 20:00:00,2.0,G
2945,2022-12-26 21:00:00,1.6,G
2946,2022-12-26 22:00:00,1.6,G
2947,2022-12-26 23:00:00,1.8,G
2948,2022-12-27 00:00:00,2.5,G
2949,2022-12-27 01:00:00,2.2,G
2950,2022-12-27 02:00:00,2.1,G
2951,2022-12-27 03:00:00,2.1,G
2952,2022-12-27 04:00:00,2.0,G
2953,2022-12-27 05:00:00,2.2,G
2954,2022-12-27 06:00:00,2.5,G
2955,2022-12-27 07:00:00,2.6,G
2956,2022-12-27 08:00:00,2.4,G
2957,2022-12-27 09:00:00,2.5,G
2958,2022-12-27 10:00:00,3.1,G
2959,2022-12-27 11:00:00,3.9,G
2960,2022-12-27 12:00:00,4.3,G
2961,2022-12-27 13:00:00,4.7,G
2962,2022-12-27 14:00:00,4.4,G
2963,2022-12-27 15:00:00,3.8,G
2964,2022-12-27 16:00:00,3.2,G
2965,2022-12-27 17:00:00,2.9,G
2966,2022-12-27 18:00:00,2.7,G
2967,2022-12-27 19:00:00,2.1,G
2968,2022-12-27 20:00:00,2.0,G
2969,2022-12-27 21:00:00,1.7,G
2970,2022-12-27 22:00:00,1.5,G
2971,2022-12-27 23:00:00,1.1,G
2972,2022-12-28 00:00:00,2.2,G
2973,2022-12-28 01:00:00,2.1,G
2974,2022-12-28 02:00:00,1.8,G
2975,2022-12-28 03:00:00,0.4,G
2976,2022-12-28 04:00:00,0.1,G
2977,2022-12-28 05:00:00,-0.4,G
2978,2022-12-28 06:00:00,-0.8,G
2979,2022-12-28 07:00:00,-0.6,G
2980,2022-12-28 08:00:00,0.6,G
2981,2022-12-28 09:00:00,0.3,G
2982,2022-12-28 10:00:00,0.2,G
2983,2022-12-28 11:00:00,0.3,G
2984,2022-12-28 12:00:00,0.5,G
2985,2022-12-28 13:00:00,0.6,G
2986,2022-12-28 14:00:00,0.8,G
2987,2022-12-28 15:00:00,0.5,G
2988,2022-12-28 16:00:00,0.2,G
2989,2022-12-28 17:00:00,0.4,G
2990,2022-12-28 18:00:00,0.5,G
2991,2022-12-28 19:00:00,0.2,G
2992,2022-12-28 20:00:00,0.3,G
2993,2022-12-28 21:00:00,1.8,G
2994,2022-12-28 22:00:00,2.1,G
2995,2022-12-28 23:00:00,1.4,G
2996,2022-12-29 00:00:00,0.5,G
2997,2022-12-29 01:00:00,0.9,G
2998,2022-12-29 02:00:00,0.7,G
2999,2022-12-29 03:00:00,2.0,G
3000,2022-12-29 04:00:00,2.6,G
3001,2022-12-29 05:00:00,3.2,G
3002,2022-12-29 06:00:00,3.5,G
3003,2022-12-29 07:00:00,3.7,G
3004,2022-12-29 08:00:00,4.3,G
3005,2022-12-29 09:00:00,4.7,G
3006,2022-12-29 10:00:00,5.0,G
3007,2022-12-29 11:00:00,5.3,G
3008,2022-12-29 12:00:00,5.9,G
3009,2022-12-29 13:00:00,6.5,G
3010,2022-12-29 14:00:00,6.7,G
3011,2022-12-29 15:00:00,6.5,G
3012,2022-12-29 16:00:00,6.2,G
3013,2022-12-29 17:00:00,4.9,G
3014,2022-12-29 18:00:00,5.5,G
3015,2022-12-29 19:00:00,5.5,G
3016,2022-12-29 20:00:00,5.6,G
3017,2022-12-29 21:00:00,5.9,G
3018,2022-12-29 22:00:00,4.9,G
3019,2022-12-29 23:00:00,5.9,G
3020,2022-12-30 00:00:00,5.4,G
3021,2022-12-30 01:00:00,4.6,G
3022,2022-12-30 02:00:00,4.4,G
3023,2022-12-30 03:00:00,4.2,G
3024,2022-12-30 04:00:00,3.3,G
3025,2022-12-30 05:00:00,3.9,G
3026,2022-12-30 06:00:00,3.9,G
3027,2022-12-30 07:00:00,2.4,G
3028,2022-12-30 08:00:00,2.4,G
3029,2022-12-30 09:00:00,4.3,G
3030,2022-12-30 10:00:00,4.8,G
3031,2022-12-30 11:00:00,5.4,G
3032,2022-12-30 12:00:00,5.6,G
3033,2022-12-30 13:00:00,6.0,G
3034,2022-12-30 14:00:00,5.8,G
3035,2022-12-30 15:00:00,5.7,G
3036,2022-12-30 16:00:00,5.4,G
3037,2022-12-30 17:00:00,4.2,G
3038,2022-12-30 18:00:00,3.7,G
3039,2022-12-30 19:00:00,3.2,G
3040,2022-12-30 20:00:00,2.9,G
3041,2022-12-30 21:00:00,3.7,G
3042,2022-12-30 22:00:00,4.0,G
3043,2022-12-30 23:00:00,4.3,G
3044,2022-12-31 00:00:00,4.9,G
3045,2022-12-31 01:00:00,5.3,G
3046,2022-12-31 02:00:00,5.7,G
3047,2022-12-31 03:00:00,5.5,G
3048,2022-12-31 04:00:00,5.6,G
3049,2022-12-31 05:00:00,6.0,G
3050,2022-12-31 06:00:00,6.5,G
3051,2022-12-31 07:00:00,7.3,G
3052,2022-12-31 08:00:00,7.1,G
3053,2022-12-31 09:00:00,7.3,G
3054,2022-12-31 10:00:00,7.8,G
3055,2022-12-31 11:00:00,8.5,G
3056,2022-12-31 12:00:00,9.0,G
3057,2022-12-31 13:00:00,9.1,G
3058,2022-12-31 14:00:00,8.8,G
3059,2022-12-31 15:00:00,8.6,G
3060,2022-12-31 16:00:00,8.0,G
3061,2022-12-31 17:00:00,7.9,G
3062,2022-12-31 18:00:00,8.3,G
3063,2022-12-31 19:00:00,8.2,G
3064,2022-12-31 20:00:00,7.2,G
3065,2022-12-31 21:00:00,6.5,G
3066,2022-12-31 22:00:00,6.3,G
3067,2022-12-31 23:00:00,5.0,G
3068,2023-01-01 00:00:00,5.1,G
3069,2023-01-01 01:00:00,4.5,G
3070,2023-01-01 02:00:00,3.2,G
3071,2023-01-01 03:00:00,3.7,G
3072,2023-01-01 04:00:00,3.9,G
3073,2023-01-01 05:00:00,3.3,G
3074,2023-01-01 06:00:00,3.0,G
3075,2023-01-01 07:00:00,2.9,G
3076,2023-01-01 08:00:00,2.8,G
3077,2023-01-01 09:00:00,2.7,G
3078,2023-01-01 10:00:00,2.7,G
3079,2023-01-01 11:00:00,2.7,G
3080,2023-01-01 12:00:00,2.8,G
3081,2023-01-01 13:00:00,2.9,G
3082,2023-01-01 14:00:00,2.5,G
3083,2023-01-01 15:00:00,2.1,G
3084,2023-01-01 16:00:00,1.1,G
3085,2023-01-01 17:00:00,1.1,G
3086,2023-01-01 18:00:00,1.0,G
3087,2023-01-01 19:00:00,0.7,G
3088,2023-01-01 20:00:00,0.3,G
3089,2023-01-01 21:00:00,0.5,G
3090,2023-01-01 22:00:00,0.6,G
3091,2023-01-01 23:00:00,0.9,G
3092,2023-01-02 00:00:00,1.3,G
3093,2023-01-02 01:00:00,1.9,G
3094,2023-01-02 02:00:00,2.4,G
3095,2023-01-02 03:00:00,2.9,G
3096,2023-01-02 04:00:00,2.7,G
3097,2023-01-02 05:00:00,2.9,G
3098,2023-01-02 06:00:00,3.0,G
3099,2023-01-02 07:00:00,4.5,G
3100,2023-01-02 08:00:00,4.9,G
3101,2023-01-02 09:00:00,5.2,G
3102,2023-01-02 10:00:00,5.7,G
3103,2023-01-02 11:00:00,5.5,G
3104,2023-01-02 12:00:00,5.4,G
3105,2023-01-02 13:00:00,5.4,G
3106,2023-01-02 14:00:00,5.2,G
3107,2023-01-02 15:00:00,5.4,G
3108,2023-01-02 16:00:00,5.2,G
3109,2023-01-02 17:00:00,5.1,G
3110,2023-01-02 18:00:00,4.9,G
3111,2023-01-02 19:00:00,5.0,G
3112,2023-01-02 20:00:00,5.2,G
3113,2023-01-02 21:00:00,5.0,G
3114,2023-01-02 22:00:00,4.1,G
3115,2023-01-02 23:00:00,3.0,G
3116,2023-01-03 00:00:00,2.6,G
3117,2023-01-03 01:00:00,2.5,G
3118,2023-01-03 02:00:00,2.5,G
3119,2023-01-03 03:00:00,2.4,G
3120,2023-01-03 04:00:00,2.0,G
3121,2023-01-03 05:00:00,0.8,G
3122,2023-01-03 06:00:00,0.6,G
3123,2023-01-03 07:00:00,0.2,G
3124,2023-01-03 08:00:00,-0.2,G
3125,2023-01-03 09:00:00,-0.2,G
3126,2023-01-03 10:00:00,-0.3,G
3127,2023-01-03 11:00:00,-0.2,G
3128,2023-01-03 12:00:00,-0.3,G
3129,2023-01-03 13:00:00,0.3,G
3130,2023-01-03 14:00:00,-0.1,G
3131,2023-01-03 15:00:00,-0.5,G
3132,2023-01-03 16:00:00,-1.0,G
3133,2023-01-03 17:00:00,-1.7,G
3134,2023-01-03 18:00:00,-2.3,G
3135,2023-01-03 19:00:00,-2.7,G
